Group_name,Kingdom,Phylum,Class,Order,Family,Genus,Species,SpeciesID,Comment
Collembola,Animalia,Arthropoda,Collembola,,,Acanthoneelidus,Acanthoneelidus pratensis,Aca_pra,
Collembola,Animalia,Arthropoda,Collembola,,,Acherongia,Acherongia palatinensis,Ach_pal,
Collembola,Animalia,Arthropoda,Collembola,,,Aethiopella,Aethiopella delamarei,Aet_del,
Collembola,Animalia,Arthropoda,Collembola,,,Agraphorura,Agraphorura naglitschi,Agr_nag,
Collembola,Animalia,Arthropoda,Collembola,,,Agrenia,Agrenia bidenticulata,Agr_bid,
Collembola,Animalia,Arthropoda,Collembola,,,Allacma,Allacma fusca,All_fus,
Collembola,Animalia,Arthropoda,Collembola,,,Allacma,Allacma gallica,All_gal,
Collembola,Animalia,Arthropoda,Collembola,,,Allonychiurus,Allonychiurus volinensis,All_vol,
Collembola,Animalia,Arthropoda,Collembola,,,Anurida,Anurida ariesi,Anu_ari,
Collembola,Animalia,Arthropoda,Collembola,,,Anurida,Anurida carpatica,Anu_car,
Collembola,Animalia,Arthropoda,Collembola,,,Anurida,Anurida endroedii,Anu_end,
Collembola,Animalia,Arthropoda,Collembola,,,Anurida,Anurida granaria,Anu_gra,
Collembola,Animalia,Arthropoda,Collembola,,,Anurida,Anurida granulata,Anu_gra,
Collembola,Animalia,Arthropoda,Collembola,,,Anurida,Anurida latosensillata,Anu_lat,
Collembola,Animalia,Arthropoda,Collembola,,,Anurida,Anurida lvivska,Anu_lvi,
Collembola,Animalia,Arthropoda,Collembola,,,Anurida,Anurida maritima,Anu_mar,
Collembola,Animalia,Arthropoda,Collembola,,,Anurida,Anurida pusilla,Anu_pus,
Collembola,Animalia,Arthropoda,Collembola,,,Anurida,Anurida thalassophila,Anu_tha,
Collembola,Animalia,Arthropoda,Collembola,,,Anurida,Anurida tullbergi,Anu_tul,
Collembola,Animalia,Arthropoda,Collembola,,,Anurida,Anurida uniformis,Anu_uni,
Collembola,Animalia,Arthropoda,Collembola,,,Anurida,Anurida vontoernei,Anu_von,
Collembola,Animalia,Arthropoda,Collembola,,,Anuridella,Anuridella germanica,Anu_ger,
Collembola,Animalia,Arthropoda,Collembola,,,Anurophorus,Anurophorus atlanticus,Anu_atl,
Collembola,Animalia,Arthropoda,Collembola,,,Anurophorus,Anurophorus balcellsi,Anu_bal,
Collembola,Animalia,Arthropoda,Collembola,,,Anurophorus,Anurophorus cuspidatus,Anu_cus,
Collembola,Animalia,Arthropoda,Collembola,,,Anurophorus,Anurophorus laricis,Anu_lar,
Collembola,Animalia,Arthropoda,Collembola,,,Anurophorus,Anurophorus septentrionalis,Anu_sep,
Collembola,Animalia,Arthropoda,Collembola,,,Appendisotoma,Appendisotoma abiskoensis,App_abi,
Collembola,Animalia,Arthropoda,Collembola,,,Appendisotoma,Appendisotoma europaea,App_eur,
Collembola,Animalia,Arthropoda,Collembola,,,Appendisotoma,Appendisotoma franzi,App_fra,
Collembola,Animalia,Arthropoda,Collembola,,,Archisotoma,Archisotoma besselsi,Arc_bes,
Collembola,Animalia,Arthropoda,Collembola,,,Archisotoma,Archisotoma interstitialis,Arc_int,
Collembola,Animalia,Arthropoda,Collembola,,,Archisotoma,Archisotoma pulchella,Arc_pul,
Collembola,Animalia,Arthropoda,Collembola,,,Archisotoma,Archisotoma vareli,Arc_var,
Collembola,Animalia,Arthropoda,Collembola,,,Arrhopalites,Arrhopalites acanthophthalmus,Arr_aca,
Collembola,Animalia,Arthropoda,Collembola,,,Arrhopalites,Arrhopalites baccetti,Arr_bac,
Collembola,Animalia,Arthropoda,Collembola,,,Arrhopalites,Arrhopalites bifidus,Arr_bif,
Collembola,Animalia,Arthropoda,Collembola,,,Arrhopalites,Arrhopalites boneti,Arr_bon,
Collembola,Animalia,Arthropoda,Collembola,,,Arrhopalites,Arrhopalites caecus,Arr_cae,
Collembola,Animalia,Arthropoda,Collembola,,,Arrhopalites,Arrhopalites canzianus,Arr_can,
Collembola,Animalia,Arthropoda,Collembola,,,Arrhopalites,Arrhopalites elegans,Arr_ele,
Collembola,Animalia,Arthropoda,Collembola,,,Arrhopalites,Arrhopalites ornatus,Arr_orn,
Collembola,Animalia,Arthropoda,Collembola,,,Arrhopalites,Arrhopalites postumicus,Arr_pos,
Collembola,Animalia,Arthropoda,Collembola,,,Arrhopalites,Arrhopalites secundarius,Arr_sec,
Collembola,Animalia,Arthropoda,Collembola,,,Arrhopalites,Arrhopalites tenuis,Arr_ten,
Collembola,Animalia,Arthropoda,Collembola,,,Arrhopalites,Arrhopalites thermophilus,Arr_the,
Collembola,Animalia,Arthropoda,Collembola,,,Arrhopalites,Arrhopalites troglophilus,Arr_tro,
Collembola,Animalia,Arthropoda,Collembola,,,Arrhopalites,Arrhopalites ulehlovae,Arr_ule,
Collembola,Animalia,Arthropoda,Collembola,,,Axelsonia,Axelsonia littoralis,Axe_lit,
Collembola,Animalia,Arthropoda,Collembola,,,Axenyllodes,Axenyllodes bayeri,Axe_bay,
Collembola,Animalia,Arthropoda,Collembola,,,Axenyllodes,Axenyllodes caecus,Axe_cae,
Collembola,Animalia,Arthropoda,Collembola,,,Ballistura,Ballistura borealis,Bal_bor,
Collembola,Animalia,Arthropoda,Collembola,,,Ballistura,Ballistura fitchi,Bal_fit,
Collembola,Animalia,Arthropoda,Collembola,,,Ballistura,Ballistura gisini,Bal_gis,
Collembola,Animalia,Arthropoda,Collembola,,,Ballistura,Ballistura hankoi,Bal_han,
Collembola,Animalia,Arthropoda,Collembola,,,Ballistura,Ballistura navacerradensis,Bal_nav,
Collembola,Animalia,Arthropoda,Collembola,,,Ballistura,Ballistura richardi,Bal_ric,
Collembola,Animalia,Arthropoda,Collembola,,,Ballistura,Ballistura schoetti,Bal_sch,
Collembola,Animalia,Arthropoda,Collembola,,,Ballistura,Ballistura tuberculata,Bal_tub,
Collembola,Animalia,Arthropoda,Collembola,,,Bilobella,Bilobella aurantiaca,Bil_aur,
Collembola,Animalia,Arthropoda,Collembola,,,Bilobella,Bilobella braunerae,Bil_bra,
Collembola,Animalia,Arthropoda,Collembola,,,Boernerides,Boernerides hystrix,Boe_hys,
Collembola,Animalia,Arthropoda,Collembola,,,Bonetogastrura,Bonetogastrura cavicola,Bon_cav,
Collembola,Animalia,Arthropoda,Collembola,,,Bourletiella,Bourletiella arvalis,Bou_arv,
Collembola,Animalia,Arthropoda,Collembola,,,Bourletiella,Bourletiella friedlaenderi,Bou_fri,
Collembola,Animalia,Arthropoda,Collembola,,,Bourletiella,Bourletiella hortensis,Bou_hor,
Collembola,Animalia,Arthropoda,Collembola,,,Bourletiella,Bourletiella pistilla,Bou_pis,
Collembola,Animalia,Arthropoda,Collembola,,,Bourletiella,Bourletiella radula,Bou_rad,
Collembola,Animalia,Arthropoda,Collembola,,,Bourletiella,Bourletiella viridescens,Bou_vir,
Collembola,Animalia,Arthropoda,Collembola,,,Brachystomella,Brachystomella clavigera,Bra_cla,
Collembola,Animalia,Arthropoda,Collembola,,,Brachystomella,Brachystomella curvula,Bra_cur,
Collembola,Animalia,Arthropoda,Collembola,,,Brachystomella,Brachystomella nubila,Bra_nub,
Collembola,Animalia,Arthropoda,Collembola,,,Brachystomella,Brachystomella parvula,Bra_par,
Collembola,Animalia,Arthropoda,Collembola,,,Caprainea,Caprainea bremondi,Cap_bre,
Collembola,Animalia,Arthropoda,Collembola,,,Caprainea,Caprainea marginata,Cap_mar,
Collembola,Animalia,Arthropoda,Collembola,,,Cassagnaudiella,Cassagnaudiella cruciata,Cas_cru,
Collembola,Animalia,Arthropoda,Collembola,,,Cassagnaudiella,Cassagnaudiella pruinosa,Cas_pru,
Collembola,Animalia,Arthropoda,Collembola,,,Ceratophysella,Ceratophysella armata,Cer_arm,
Collembola,Animalia,Arthropoda,Collembola,,,Ceratophysella,Ceratophysella bengtssoni,Cer_ben,
Collembola,Animalia,Arthropoda,Collembola,,,Ceratophysella,Ceratophysella caucasica,Cer_cau,
Collembola,Animalia,Arthropoda,Collembola,,,Ceratophysella,Ceratophysella denticulata,Cer_den,
Collembola,Animalia,Arthropoda,Collembola,,,Ceratophysella,Ceratophysella engadinensis,Cer_eng,
Collembola,Animalia,Arthropoda,Collembola,,,Ceratophysella,Ceratophysella gibbosa,Cer_gib,
Collembola,Animalia,Arthropoda,Collembola,,,Ceratophysella,Ceratophysella granulata,Cer_gra,
Collembola,Animalia,Arthropoda,Collembola,,,Ceratophysella,Ceratophysella longispina,Cer_lon,
Collembola,Animalia,Arthropoda,Collembola,,,Ceratophysella,Ceratophysella luteospina,Cer_lut,
Collembola,Animalia,Arthropoda,Collembola,,,Ceratophysella,Ceratophysella mosquensis,Cer_mos,
Collembola,Animalia,Arthropoda,Collembola,,,Ceratophysella,Ceratophysella scotica,Cer_sco,
Collembola,Animalia,Arthropoda,Collembola,,,Ceratophysella,Ceratophysella sigillata,Cer_sig,
Collembola,Animalia,Arthropoda,Collembola,,,Ceratophysella,Ceratophysella silvatica,Cer_sil,
Collembola,Animalia,Arthropoda,Collembola,,,Ceratophysella,Ceratophysella stachi,Cer_sta,
Collembola,Animalia,Arthropoda,Collembola,,,Ceratophysella,Ceratophysella stercoraria,Cer_ste,
Collembola,Animalia,Arthropoda,Collembola,,,Ceratophysella,Ceratophysella succinea,Cer_suc,
Collembola,Animalia,Arthropoda,Collembola,,,Ceratophysella,Ceratophysella tergilobata,Cer_ter,
Collembola,Animalia,Arthropoda,Collembola,,,Ceratophysella,Ceratophysella tuberculata,Cer_tub,
Collembola,Animalia,Arthropoda,Collembola,,,Choreutinula,Choreutinula inermis,Cho_ine,
Collembola,Animalia,Arthropoda,Collembola,,,Clavisotoma,Clavisotoma inaequalis,Cla_ina,
Collembola,Animalia,Arthropoda,Collembola,,,Clavisotoma,Clavisotoma sjoestedti,Cla_sjo,
Collembola,Animalia,Arthropoda,Collembola,,,Coecobrya,Coecobrya tenebricosa,Coe_ten,
Collembola,Animalia,Arthropoda,Collembola,,,Coloburella,Coloburella reticulata,Col_ret,
Collembola,Animalia,Arthropoda,Collembola,,,Cryptopygus,Cryptopygus exilis,Cry_exi,
Collembola,Animalia,Arthropoda,Collembola,,,Cryptopygus,Cryptopygus reagens,Cry_rea,
Collembola,Animalia,Arthropoda,Collembola,,,Cryptopygus,Cryptopygus scapelliferus,Cry_sca,
Collembola,Animalia,Arthropoda,Collembola,,,Cryptopygus,Cryptopygus sphagneticolus,Cry_sph,
Collembola,Animalia,Arthropoda,Collembola,,,Cryptopygus,Cryptopygus tricuspis,Cry_tri,
Collembola,Animalia,Arthropoda,Collembola,,,Cyphoderus,Cyphoderus albinus,Cyp_alb,
Collembola,Animalia,Arthropoda,Collembola,,,Cyphoderus,Cyphoderus bidenticulatus,Cyp_bid,
Collembola,Animalia,Arthropoda,Collembola,,,Dahlcyrtus,Dahlcyrtus dahli,Dah_dah,
Collembola,Animalia,Arthropoda,Collembola,,,Deharvengiurus,Deharvengiurus denisi,Deh_den,
Collembola,Animalia,Arthropoda,Collembola,,,Desoria,Desoria blekeni,Des_ble,
Collembola,Animalia,Arthropoda,Collembola,,,Desoria,Desoria divergens,Des_div,
Collembola,Animalia,Arthropoda,Collembola,,,Desoria,Desoria duodecimoculata,Des_duo,
Collembola,Animalia,Arthropoda,Collembola,,,Desoria,Desoria elegans,Des_ele,
Collembola,Animalia,Arthropoda,Collembola,,,Desoria,Desoria fennica,Des_fen,
Collembola,Animalia,Arthropoda,Collembola,,,Desoria,Desoria fennica,Des_fen,
Collembola,Animalia,Arthropoda,Collembola,,,Desoria,Desoria grisea,Des_gri,
Collembola,Animalia,Arthropoda,Collembola,,,Desoria,Desoria hiemalis,Des_hie,
Collembola,Animalia,Arthropoda,Collembola,,,Desoria,Desoria intermedia,Des_int,
Collembola,Animalia,Arthropoda,Collembola,,,Desoria,Desoria neglecta,Des_neg,
Collembola,Animalia,Arthropoda,Collembola,,,Desoria,Desoria nivalis,Des_niv,
Collembola,Animalia,Arthropoda,Collembola,,,Desoria,Desoria nivea,Des_niv,
Collembola,Animalia,Arthropoda,Collembola,,,Desoria,Desoria olivacea,Des_oli,
Collembola,Animalia,Arthropoda,Collembola,,,Desoria,Desoria olivacea,Des_oli,
Collembola,Animalia,Arthropoda,Collembola,,,Desoria,Desoria propinqua,Des_pro,
Collembola,Animalia,Arthropoda,Collembola,,,Desoria,Desoria tigrina,Des_tig,
Collembola,Animalia,Arthropoda,Collembola,,,Desoria,Desoria tolya,Des_tol,
Collembola,Animalia,Arthropoda,Collembola,,,Desoria,Desoria trispinata,Des_tri,
Collembola,Animalia,Arthropoda,Collembola,,,Desoria,Desoria violacea,Des_vio,
Collembola,Animalia,Arthropoda,Collembola,,,Detriturus,Detriturus jubilarius,Det_jub,
Collembola,Animalia,Arthropoda,Collembola,,,Deuteraphorura,Deuteraphorura antheuili,Deu_ant,
Collembola,Animalia,Arthropoda,Collembola,,,Deuteraphorura,Deuteraphorura cebennaria,Deu_ceb,
Collembola,Animalia,Arthropoda,Collembola,,,Deuteraphorura,Deuteraphorura dunaria,Deu_dun,
Collembola,Animalia,Arthropoda,Collembola,,,Deuteraphorura,Deuteraphorura ghidinii,Deu_ghi,
Collembola,Animalia,Arthropoda,Collembola,,,Deuteraphorura,Deuteraphorura haybachae,Deu_hay,
Collembola,Animalia,Arthropoda,Collembola,,,Deuteraphorura,Deuteraphorura imperfecta,Deu_imp,
Collembola,Animalia,Arthropoda,Collembola,,,Deuteraphorura,Deuteraphorura inermis,Deu_ine,
Collembola,Animalia,Arthropoda,Collembola,,,Deuteraphorura,Deuteraphorura insubraria,Deu_ins,
Collembola,Animalia,Arthropoda,Collembola,,,Deuteraphorura,Deuteraphorura nevoi,Deu_nev,
Collembola,Animalia,Arthropoda,Collembola,,,Deuteraphorura,Deuteraphorura quadrisilvaria,Deu_qua,
Collembola,Animalia,Arthropoda,Collembola,,,Deuteraphorura,Deuteraphorura silesiaca,Deu_sil,
Collembola,Animalia,Arthropoda,Collembola,,,Deuteraphorura,Deuteraphorura silvaria,Deu_sil,
Collembola,Animalia,Arthropoda,Collembola,,,Deuteraphorura,Deuteraphorura trisilvaria,Deu_tri,
Collembola,Animalia,Arthropoda,Collembola,,,Deuteraphorura,Deuteraphorura variabilis,Deu_var,
Collembola,Animalia,Arthropoda,Collembola,,,Deuterosminthurus,Deuterosminthurus bicinctus,Deu_bic,
Collembola,Animalia,Arthropoda,Collembola,,,Deuterosminthurus,Deuterosminthurus kugleri,Deu_kug,
Collembola,Animalia,Arthropoda,Collembola,,,Deuterosminthurus,Deuterosminthurus pallipes,Deu_pal,
Collembola,Animalia,Arthropoda,Collembola,,,Deuterosminthurus,Deuterosminthurus sulphureus,Deu_sul,
Collembola,Animalia,Arthropoda,Collembola,,,Deutonura,Deutonura albella,Deu_alb,
Collembola,Animalia,Arthropoda,Collembola,,,Deutonura,Deutonura atlantica,Deu_atl,
Collembola,Animalia,Arthropoda,Collembola,,,Deutonura,Deutonura centralis,Deu_cen,
Collembola,Animalia,Arthropoda,Collembola,,,Deutonura,Deutonura conjuncta,Deu_con,
Collembola,Animalia,Arthropoda,Collembola,,,Deutonura,Deutonura czarnohorensis,Deu_cza,
Collembola,Animalia,Arthropoda,Collembola,,,Deutonura,Deutonura deficiens,Deu_def,
Collembola,Animalia,Arthropoda,Collembola,,,Deutonura,Deutonura phlegraea,Deu_phl,
Collembola,Animalia,Arthropoda,Collembola,,,Deutonura,Deutonura plena,Deu_ple,
Collembola,Animalia,Arthropoda,Collembola,,,Deutonura,Deutonura portucalensis,Deu_por,
Collembola,Animalia,Arthropoda,Collembola,,,Deutonura,Deutonura stachi,Deu_sta,
Collembola,Animalia,Arthropoda,Collembola,,,Deutonura,Deutonura weinerae,Deu_wei,
Collembola,Animalia,Arthropoda,Collembola,,,Dicranocentruga,Dicranocentruga fuelleborni,Dic_fue,
Collembola,Animalia,Arthropoda,Collembola,,,Dicranocentruga,Dicranocentruga wahlgreni,Dic_wah,
Collembola,Animalia,Arthropoda,Collembola,,,Dicranocentrus,Dicranocentrus meruensis,Dic_mer,
Collembola,Animalia,Arthropoda,Collembola,,,Dicyrtoma,Dicyrtoma fusca,Dic_fus,
Collembola,Animalia,Arthropoda,Collembola,,,Dicyrtomina,Dicyrtomina flavosignata,Dic_fla,
Collembola,Animalia,Arthropoda,Collembola,,,Dicyrtomina,Dicyrtomina minuta,Dic_min,
Collembola,Animalia,Arthropoda,Collembola,,,Dicyrtomina,Dicyrtomina ornata,Dic_orn,
Collembola,Animalia,Arthropoda,Collembola,,,Dicyrtomina,Dicyrtomina saundersi,Dic_sau,
Collembola,Animalia,Arthropoda,Collembola,,,Dicyrtomina,Dicyrtomina violacea,Dic_vio,
Collembola,Animalia,Arthropoda,Collembola,,,Disparrhopalites,Disparrhopalites patrizii,Dis_pat,
Collembola,Animalia,Arthropoda,Collembola,,,Doutnacia,Doutnacia xerophila,Dou_xer,
Collembola,Animalia,Arthropoda,Collembola,,,Endonura,Endonura colorata,End_col,
Collembola,Animalia,Arthropoda,Collembola,,,Endonura,Endonura dudichi,End_dud,
Collembola,Animalia,Arthropoda,Collembola,,,Endonura,Endonura lusatica,End_lus,
Collembola,Animalia,Arthropoda,Collembola,,,Endonura,Endonura reticulata,End_ret,
Collembola,Animalia,Arthropoda,Collembola,,,Endonura,Endonura tatricola,End_tat,
Collembola,Animalia,Arthropoda,Collembola,,,Endonura,Endonura tetrophthalma,End_tet,
Collembola,Animalia,Arthropoda,Collembola,,,Entomobrya,Entomobrya albocincta,Ent_alb,
Collembola,Animalia,Arthropoda,Collembola,,,Entomobrya,Entomobrya arborea,Ent_arb,
Collembola,Animalia,Arthropoda,Collembola,,,Entomobrya,Entomobrya atrocincta,Ent_atr,
Collembola,Animalia,Arthropoda,Collembola,,,Entomobrya,Entomobrya corticalis,Ent_cor,
Collembola,Animalia,Arthropoda,Collembola,,,Entomobrya,Entomobrya disjuncta,Ent_dis,
Collembola,Animalia,Arthropoda,Collembola,,,Entomobrya,Entomobrya dungeri,Ent_dun,
Collembola,Animalia,Arthropoda,Collembola,,,Entomobrya,Entomobrya emiliae,Ent_emi,
Collembola,Animalia,Arthropoda,Collembola,,,Entomobrya,Entomobrya flavovirens,Ent_fla,
Collembola,Animalia,Arthropoda,Collembola,,,Entomobrya,Entomobrya handschini,Ent_han,
Collembola,Animalia,Arthropoda,Collembola,,,Entomobrya,Entomobrya kasprowiensis,Ent_kas,
Collembola,Animalia,Arthropoda,Collembola,,,Entomobrya,Entomobrya lanuginosa,Ent_lan,
Collembola,Animalia,Arthropoda,Collembola,,,Entomobrya,Entomobrya leonensis,Ent_leo,
Collembola,Animalia,Arthropoda,Collembola,,,Entomobrya,Entomobrya marginata,Ent_mar,
Collembola,Animalia,Arthropoda,Collembola,,,Entomobrya,Entomobrya multifasciata,Ent_mul,
Collembola,Animalia,Arthropoda,Collembola,,,Entomobrya,Entomobrya muscorum,Ent_mus,
Collembola,Animalia,Arthropoda,Collembola,,,Entomobrya,Entomobrya nicoleti,Ent_nic,
Collembola,Animalia,Arthropoda,Collembola,,,Entomobrya,Entomobrya nigrocincta,Ent_nig,
Collembola,Animalia,Arthropoda,Collembola,,,Entomobrya,Entomobrya nivalis,Ent_niv,
Collembola,Animalia,Arthropoda,Collembola,,,Entomobrya,Entomobrya quinquelineata,Ent_qui,
Collembola,Animalia,Arthropoda,Collembola,,,Entomobrya,Entomobrya schoetti,Ent_sch,
Collembola,Animalia,Arthropoda,Collembola,,,Entomobrya,Entomobrya schulzi,Ent_sch,
Collembola,Animalia,Arthropoda,Collembola,,,Entomobrya,Entomobrya spectabilis,Ent_spe,
Collembola,Animalia,Arthropoda,Collembola,,,Entomobrya,Entomobrya superba,Ent_sup,
Collembola,Animalia,Arthropoda,Collembola,,,Entomobryoides,Entomobryoides purpurascens,Ent_pur,
Collembola,Animalia,Arthropoda,Collembola,,,Fasciosminthurus,Fasciosminthurus quinquefasciatus,Fas_qui,
Collembola,Animalia,Arthropoda,Collembola,,,Fasciosminthurus,Fasciosminthurus strigatus,Fas_str,
Collembola,Animalia,Arthropoda,Collembola,,,Folsomia,Folsomia albens,Fol_alb,
Collembola,Animalia,Arthropoda,Collembola,,,Folsomia,Folsomia alpina,Fol_alp,
Collembola,Animalia,Arthropoda,Collembola,,,Folsomia,Folsomia bisetosa,Fol_bis,
Collembola,Animalia,Arthropoda,Collembola,,,Folsomia,Folsomia borealis,Fol_bor,
Collembola,Animalia,Arthropoda,Collembola,,,Folsomia,Folsomia brevicauda,Fol_bre,
Collembola,Animalia,Arthropoda,Collembola,,,Folsomia,Folsomia brevifurca,Fol_bre,
Collembola,Animalia,Arthropoda,Collembola,,,Folsomia,Folsomia candida,Fol_can,
Collembola,Animalia,Arthropoda,Collembola,,,Folsomia,Folsomia coeruleogrisea,Fol_coe,
Collembola,Animalia,Arthropoda,Collembola,,,Folsomia,Folsomia complex_manolachei,Fol_com,
Collembola,Animalia,Arthropoda,Collembola,,,Folsomia,Folsomia decopsis,Fol_dec,
Collembola,Animalia,Arthropoda,Collembola,,,Folsomia,Folsomia diplophthalma,Fol_dip,
Collembola,Animalia,Arthropoda,Collembola,,,Folsomia,Folsomia dovrensis,Fol_dov,
Collembola,Animalia,Arthropoda,Collembola,,,Folsomia,Folsomia fimetaria,Fol_fim,
Collembola,Animalia,Arthropoda,Collembola,,,Folsomia,Folsomia fimetaria,Fol_fim,
Collembola,Animalia,Arthropoda,Collembola,,,Folsomia,Folsomia fimetaroides,Fol_fim,
Collembola,Animalia,Arthropoda,Collembola,,,Folsomia,Folsomia hissarica,Fol_his,
Collembola,Animalia,Arthropoda,Collembola,,,Folsomia,Folsomia inoculata,Fol_ino,
Collembola,Animalia,Arthropoda,Collembola,,,Folsomia,Folsomia inoculata,Fol_ino,
Collembola,Animalia,Arthropoda,Collembola,,,Folsomia,Folsomia kerni,Fol_ker,
Collembola,Animalia,Arthropoda,Collembola,,,Folsomia,Folsomia ksenemani,Fol_kse,
Collembola,Animalia,Arthropoda,Collembola,,,Folsomia,Folsomia kuznetsovae,Fol_kuz,
Collembola,Animalia,Arthropoda,Collembola,,,Folsomia,Folsomia litsteri,Fol_lit,
Collembola,Animalia,Arthropoda,Collembola,,,Folsomia,Folsomia manolachei,Fol_man,
Collembola,Animalia,Arthropoda,Collembola,,,Folsomia,Folsomia martynovae,Fol_mar,
Collembola,Animalia,Arthropoda,Collembola,,,Folsomia,Folsomia penicula,Fol_pen,
Collembola,Animalia,Arthropoda,Collembola,,,Folsomia,Folsomia quadrioculata,Fol_qua,
Collembola,Animalia,Arthropoda,Collembola,,,Folsomia,Folsomia quadrioculata,Fol_qua,
Collembola,Animalia,Arthropoda,Collembola,,,Folsomia,Folsomia sensibilis,Fol_sen,
Collembola,Animalia,Arthropoda,Collembola,,,Folsomia,Folsomia setosa,Fol_set,
Collembola,Animalia,Arthropoda,Collembola,,,Folsomia,Folsomia sexoculata,Fol_sex,
Collembola,Animalia,Arthropoda,Collembola,,,Folsomia,Folsomia similis,Fol_sim,
Collembola,Animalia,Arthropoda,Collembola,,,Folsomia,Folsomia spinosa,Fol_spi,
Collembola,Animalia,Arthropoda,Collembola,,,Folsomia,Folsomia spinosa,Fol_spi,
Collembola,Animalia,Arthropoda,Collembola,,,Folsomia,Folsomia tesari,Fol_tes,
Collembola,Animalia,Arthropoda,Collembola,,,Folsomia,Folsomia thalassophila,Fol_tha,
Collembola,Animalia,Arthropoda,Collembola,,,Folsomides,Folsomides angularis,Fol_ang,
Collembola,Animalia,Arthropoda,Collembola,,,Folsomides,Folsomides marchicus,Fol_mar,
Collembola,Animalia,Arthropoda,Collembola,,,Folsomides,Folsomides nanus,Fol_nan,
Collembola,Animalia,Arthropoda,Collembola,,,Folsomides,Folsomides parvulus,Fol_par,
Collembola,Animalia,Arthropoda,Collembola,,,Folsomides,Folsomides petiti,Fol_pet,
Collembola,Animalia,Arthropoda,Collembola,,,Folsomides,Folsomides pocosensillatus,Fol_poc,
Collembola,Animalia,Arthropoda,Collembola,,,Folsomina,Folsomina onychiurina,Fol_ony,
Collembola,Animalia,Arthropoda,Collembola,,,Folsomotoma,Folsomotoma boerneri,Fol_boe,
Collembola,Animalia,Arthropoda,Collembola,,,Folsomotoma,Folsomotoma kerguelensis,Fol_ker,
Collembola,Animalia,Arthropoda,Collembola,,,Friesea,Friesea afurcata,Fri_afu,
Collembola,Animalia,Arthropoda,Collembola,,,Friesea,Friesea albida,Fri_alb,
Collembola,Animalia,Arthropoda,Collembola,,,Friesea,Friesea baltica,Fri_bal,
Collembola,Animalia,Arthropoda,Collembola,,,Friesea,Friesea cauchoisi,Fri_cau,
Collembola,Animalia,Arthropoda,Collembola,,,Friesea,Friesea claviseta,Fri_cla,
Collembola,Animalia,Arthropoda,Collembola,,,Friesea,Friesea Dalla,Fri_Dal,
Collembola,Animalia,Arthropoda,Collembola,,,Friesea,Friesea decipiens,Fri_dec,
Collembola,Animalia,Arthropoda,Collembola,,,Friesea,Friesea denisi,Fri_den,
Collembola,Animalia,Arthropoda,Collembola,,,Friesea,Friesea emucronata,Fri_emu,
Collembola,Animalia,Arthropoda,Collembola,,,Friesea,Friesea handschini,Fri_han,
Collembola,Animalia,Arthropoda,Collembola,,,Friesea,Friesea ladeiroi,Fri_lad,
Collembola,Animalia,Arthropoda,Collembola,,,Friesea,Friesea mirabilis,Fri_mir,
Collembola,Animalia,Arthropoda,Collembola,,,Friesea,Friesea monoculata,Fri_mon,
Collembola,Animalia,Arthropoda,Collembola,,,Friesea,Friesea nigroviolacea,Fri_nig,
Collembola,Animalia,Arthropoda,Collembola,,,Friesea,Friesea octoculata,Fri_oct,
Collembola,Animalia,Arthropoda,Collembola,,,Friesea,Friesea pyrenaica,Fri_pyr,
Collembola,Animalia,Arthropoda,Collembola,,,Friesea,Friesea quinquespinosa,Fri_qui,
Collembola,Animalia,Arthropoda,Collembola,,,Friesea,Friesea sublimis,Fri_sub,
Collembola,Animalia,Arthropoda,Collembola,,,Friesea,Friesea subterranea,Fri_sub,
Collembola,Animalia,Arthropoda,Collembola,,,Friesea,Friesea truncata,Fri_tru,
Collembola,Animalia,Arthropoda,Collembola,,,Gisinea,Gisinea delhezi,Gis_del,
Collembola,Animalia,Arthropoda,Collembola,,,Gisinianus,Gisinianus flammeolus,Gis_fla,
Collembola,Animalia,Arthropoda,Collembola,,,Gisinurus,Gisinurus orenensis,Gis_ore,
Collembola,Animalia,Arthropoda,Collembola,,,Halisotoma,Halisotoma maritima,Hal_mar,
Collembola,Animalia,Arthropoda,Collembola,,,Hemisotoma,Hemisotoma orientalis,Hem_ori,
Collembola,Animalia,Arthropoda,Collembola,,,Hemisotoma,Hemisotoma pontica,Hem_pon,
Collembola,Animalia,Arthropoda,Collembola,,,Hemisotoma,Hemisotoma posteroculata,Hem_pos,
Collembola,Animalia,Arthropoda,Collembola,,,Hemisotoma,Hemisotoma thermophila,Hem_the,
Collembola,Animalia,Arthropoda,Collembola,,,Hemisotoma,Hemisotoma triglenus,Hem_tri,
Collembola,Animalia,Arthropoda,Collembola,,,Heteraphorura,Heteraphorura carpatica,Het_car,
Collembola,Animalia,Arthropoda,Collembola,,,Heteraphorura,Heteraphorura variotuberculata,Het_var,
Collembola,Animalia,Arthropoda,Collembola,,,Heteromurus,Heteromurus major,Het_maj,
Collembola,Animalia,Arthropoda,Collembola,,,Heteromurus,Heteromurus nitidus,Het_nit,
Collembola,Animalia,Arthropoda,Collembola,,,Heteromurus,Heteromurus sexoculatus,Het_sex,
Collembola,Animalia,Arthropoda,Collembola,,,Heterosminthurus,Heterosminthurus bilineatus,Het_bil,
Collembola,Animalia,Arthropoda,Collembola,,,Heterosminthurus,Heterosminthurus chaetocephalus,Het_cha,
Collembola,Animalia,Arthropoda,Collembola,,,Heterosminthurus,Heterosminthurus claviger,Het_cla,
Collembola,Animalia,Arthropoda,Collembola,,,Heterosminthurus,Heterosminthurus insignis,Het_ins,
Collembola,Animalia,Arthropoda,Collembola,,,Heterosminthurus,Heterosminthurus linnaniemii,Het_lin,
Collembola,Animalia,Arthropoda,Collembola,,,Heterosminthurus,Heterosminthurus novemlineatus,Het_nov,
Collembola,Animalia,Arthropoda,Collembola,,,Heterosminthurus,Heterosminthurus punctatus,Het_pun,
Collembola,Animalia,Arthropoda,Collembola,,,Hydroisotoma,Hydroisotoma schaefferi,Hyd_sch,
Collembola,Animalia,Arthropoda,Collembola,,,Hylaeanura,Hylaeanura infima,Hyl_inf,
Collembola,Animalia,Arthropoda,Collembola,,,Hymenaphorura,Hymenaphorura dentifera,Hym_den,
Collembola,Animalia,Arthropoda,Collembola,,,Hymenaphorura,Hymenaphorura nova,Hym_nov,
Collembola,Animalia,Arthropoda,Collembola,,,Hymenaphorura,Hymenaphorura parva,Hym_par,
Collembola,Animalia,Arthropoda,Collembola,,,Hymenaphorura,Hymenaphorura polonica,Hym_pol,
Collembola,Animalia,Arthropoda,Collembola,,,Hymenaphorura,Hymenaphorura pseudosibirica,Hym_pse,
Collembola,Animalia,Arthropoda,Collembola,,,Hymenaphorura,Hymenaphorura sibirica,Hym_sib,
Collembola,Animalia,Arthropoda,Collembola,,,Hymenaphorura,Hymenaphorura sibirica,Hym_sib,
Collembola,Animalia,Arthropoda,Collembola,,,Hymenaphorura,Hymenaphorura valdegranulata,Hym_val,
Collembola,Animalia,Arthropoda,Collembola,,,Hypogastrura,Hypogastrura assimilis,Hyp_ass,
Collembola,Animalia,Arthropoda,Collembola,,,Hypogastrura,Hypogastrura boldorii,Hyp_bol,
Collembola,Animalia,Arthropoda,Collembola,,,Hypogastrura,Hypogastrura burkilli,Hyp_bur,
Collembola,Animalia,Arthropoda,Collembola,,,Hypogastrura,Hypogastrura calceolaris,Hyp_cal,
Collembola,Animalia,Arthropoda,Collembola,,,Hypogastrura,Hypogastrura crassaegranulata,Hyp_cra,
Collembola,Animalia,Arthropoda,Collembola,,,Hypogastrura,Hypogastrura dasiensis,Hyp_das,
Collembola,Animalia,Arthropoda,Collembola,,,Hypogastrura,Hypogastrura distincta,Hyp_dis,
Collembola,Animalia,Arthropoda,Collembola,,,Hypogastrura,Hypogastrura gisini,Hyp_gis,
Collembola,Animalia,Arthropoda,Collembola,,,Hypogastrura,Hypogastrura litoralis,Hyp_lit,
Collembola,Animalia,Arthropoda,Collembola,,,Hypogastrura,Hypogastrura manubrialis,Hyp_man,
Collembola,Animalia,Arthropoda,Collembola,,,Hypogastrura,Hypogastrura manubrialis,Hyp_man,
Collembola,Animalia,Arthropoda,Collembola,,,Hypogastrura,Hypogastrura meridionalis,Hyp_mer,
Collembola,Animalia,Arthropoda,Collembola,,,Hypogastrura,Hypogastrura monticola,Hyp_mon,
Collembola,Animalia,Arthropoda,Collembola,,,Hypogastrura,Hypogastrura neglecta,Hyp_neg,
Collembola,Animalia,Arthropoda,Collembola,,,Hypogastrura,Hypogastrura norica,Hyp_nor,
Collembola,Animalia,Arthropoda,Collembola,,,Hypogastrura,Hypogastrura purpurescens,Hyp_pur,
Collembola,Animalia,Arthropoda,Collembola,,,Hypogastrura,Hypogastrura sahlbergi,Hyp_sah,
Collembola,Animalia,Arthropoda,Collembola,,,Hypogastrura,Hypogastrura sensilis,Hyp_sen,
Collembola,Animalia,Arthropoda,Collembola,,,Hypogastrura,Hypogastrura socialis,Hyp_soc,
Collembola,Animalia,Arthropoda,Collembola,,,Hypogastrura,Hypogastrura tethyca,Hyp_tet,
Collembola,Animalia,Arthropoda,Collembola,,,Hypogastrura,Hypogastrura tullbergi,Hyp_tul,
Collembola,Animalia,Arthropoda,Collembola,,,Hypogastrura,Hypogastrura vernalis,Hyp_ver,
Collembola,Animalia,Arthropoda,Collembola,,,Hypogastrura,Hypogastrura viatica,Hyp_via,
Collembola,Animalia,Arthropoda,Collembola,,,Imparitubercula,Imparitubercula villosa,Imp_vil,
Collembola,Animalia,Arthropoda,Collembola,,,Isotoma,Isotoma anglicana,Iso_ang,
Collembola,Animalia,Arthropoda,Collembola,,,Isotoma,Isotoma arctica,Iso_arc,
Collembola,Animalia,Arthropoda,Collembola,,,Isotoma,Isotoma caerulea,Iso_cae,
Collembola,Animalia,Arthropoda,Collembola,,,Isotoma,Isotoma decorata,Iso_dec,
Collembola,Animalia,Arthropoda,Collembola,,,Isotoma,Isotoma riparia,Iso_rip,
Collembola,Animalia,Arthropoda,Collembola,,,Isotoma,Isotoma viridis,Iso_vir,
Collembola,Animalia,Arthropoda,Collembola,,,Isotoma,Isotoma viridis,Iso_vir,
Collembola,Animalia,Arthropoda,Collembola,,,Isotomiella,Isotomiella minor,Iso_min,
Collembola,Animalia,Arthropoda,Collembola,,,Isotomiella,Isotomiella paraminor,Iso_par,
Collembola,Animalia,Arthropoda,Collembola,,,Isotomodes,Isotomodes armatus,Iso_arm,
Collembola,Animalia,Arthropoda,Collembola,,,Isotomodes,Isotomodes bisetosus,Iso_bis,
Collembola,Animalia,Arthropoda,Collembola,,,Isotomodes,Isotomodes gisini,Iso_gis,
Collembola,Animalia,Arthropoda,Collembola,,,Isotomodes,Isotomodes maroccanus,Iso_mar,
Collembola,Animalia,Arthropoda,Collembola,,,Isotomodes,Isotomodes productus,Iso_pro,
Collembola,Animalia,Arthropoda,Collembola,,,Isotomodes,Isotomodes quadrisetosus,Iso_qua,
Collembola,Animalia,Arthropoda,Collembola,,,Isotomodes,Isotomodes sexsetosus,Iso_sex,
Collembola,Animalia,Arthropoda,Collembola,,,Isotomodes,Isotomodes templetoni,Iso_tem,
Collembola,Animalia,Arthropoda,Collembola,,,Isotomodes,Isotomodes trisetosus,Iso_tri,
Collembola,Animalia,Arthropoda,Collembola,,,Isotomurus,Isotomurus alticolus,Iso_alt,
Collembola,Animalia,Arthropoda,Collembola,,,Isotomurus,Isotomurus antennalis,Iso_ant,
Collembola,Animalia,Arthropoda,Collembola,,,Isotomurus,Isotomurus balteatus,Iso_bal,
Collembola,Animalia,Arthropoda,Collembola,,,Isotomurus,Isotomurus cassagnaui,Iso_cas,
Collembola,Animalia,Arthropoda,Collembola,,,Isotomurus,Isotomurus fucicolus,Iso_fuc,
Collembola,Animalia,Arthropoda,Collembola,,,Isotomurus,Isotomurus graminis,Iso_gra,
Collembola,Animalia,Arthropoda,Collembola,,,Isotomurus,Isotomurus italicus,Iso_ita,
Collembola,Animalia,Arthropoda,Collembola,,,Isotomurus,Isotomurus keilbachi,Iso_kei,
Collembola,Animalia,Arthropoda,Collembola,,,Isotomurus,Isotomurus maculatus,Iso_mac,
Collembola,Animalia,Arthropoda,Collembola,,,Isotomurus,Isotomurus palustris,Iso_pal,
Collembola,Animalia,Arthropoda,Collembola,,,Isotomurus,Isotomurus plumosus,Iso_plu,
Collembola,Animalia,Arthropoda,Collembola,,,Isotomurus,Isotomurus pseudopalustris,Iso_pse,
Collembola,Animalia,Arthropoda,Collembola,,,Isotomurus,Isotomurus stuxbergi,Iso_stu,
Collembola,Animalia,Arthropoda,Collembola,,,Isotomurus,Isotomurus unifasciatus,Iso_uni,
Collembola,Animalia,Arthropoda,Collembola,,,Jesenikia,Jesenikia filiformis,Jes_fil,
Collembola,Animalia,Arthropoda,Collembola,,,Jevania,Jevania weinerae,Jev_wei,
Collembola,Animalia,Arthropoda,Collembola,,,Jordanathrix,Jordanathrix articulata,Jor_art,
Collembola,Animalia,Arthropoda,Collembola,,,Kalaphorura,Kalaphorura burmeisteri,Kal_bur,
Collembola,Animalia,Arthropoda,Collembola,,,Kalaphorura,Kalaphorura carpenteri,Kal_car,
Collembola,Animalia,Arthropoda,Collembola,,,Kalaphorura,Kalaphorura heterodoxa,Kal_het,
Collembola,Animalia,Arthropoda,Collembola,,,Kalaphorura,Kalaphorura paradoxa,Kal_par,
Collembola,Animalia,Arthropoda,Collembola,,,Kalaphorura,Kalaphorura tuberculata,Kal_tub,
Collembola,Animalia,Arthropoda,Collembola,,,Karlstejnia,Karlstejnia annae,Kar_ann,
Collembola,Animalia,Arthropoda,Collembola,,,Karlstejnia,Karlstejnia norvegica,Kar_nor,
Collembola,Animalia,Arthropoda,Collembola,,,Karlstejnia,Karlstejnia rusekiana,Kar_rus,
Collembola,Animalia,Arthropoda,Collembola,,,Lathriopyga,Lathriopyga longiseta,Lat_lon,
Collembola,Animalia,Arthropoda,Collembola,,,Lawrenceana,Lawrenceana dahli,Law_dah,
Collembola,Animalia,Arthropoda,Collembola,,,Lepidocyrtus,Lepidocyrtus ceratoxenus,Lep_cer,
Collembola,Animalia,Arthropoda,Collembola,,,Lepidocyrtus,Lepidocyrtus cinctus,Lep_cin,
Collembola,Animalia,Arthropoda,Collembola,,,Lepidocyrtus,Lepidocyrtus curvicollis,Lep_cur,
Collembola,Animalia,Arthropoda,Collembola,,,Lepidocyrtus,Lepidocyrtus cyaneus,Lep_cya,
Collembola,Animalia,Arthropoda,Collembola,,,Lepidocyrtus,Lepidocyrtus extensus,Lep_ext,
Collembola,Animalia,Arthropoda,Collembola,,,Lepidocyrtus,Lepidocyrtus fimetarius,Lep_fim,
Collembola,Animalia,Arthropoda,Collembola,,,Lepidocyrtus,Lepidocyrtus fuscatus,Lep_fus,
Collembola,Animalia,Arthropoda,Collembola,,,Lepidocyrtus,Lepidocyrtus juliae,Lep_jul,
Collembola,Animalia,Arthropoda,Collembola,,,Lepidocyrtus,Lepidocyrtus lanuginosus,Lep_lan,
Collembola,Animalia,Arthropoda,Collembola,,,Lepidocyrtus,Lepidocyrtus lignorum,Lep_lig,
Collembola,Animalia,Arthropoda,Collembola,,,Lepidocyrtus,Lepidocyrtus lignorum,Lep_lig,
Collembola,Animalia,Arthropoda,Collembola,,,Lepidocyrtus,Lepidocyrtus lusitanicus,Lep_lus,
Collembola,Animalia,Arthropoda,Collembola,,,Lepidocyrtus,Lepidocyrtus medius,Lep_med,
Collembola,Animalia,Arthropoda,Collembola,,,Lepidocyrtus,Lepidocyrtus nigrescens,Lep_nig,
Collembola,Animalia,Arthropoda,Collembola,,,Lepidocyrtus,Lepidocyrtus octoculata,Lep_oct,
Collembola,Animalia,Arthropoda,Collembola,,,Lepidocyrtus,Lepidocyrtus pallidus,Lep_pal,
Collembola,Animalia,Arthropoda,Collembola,,,Lepidocyrtus,Lepidocyrtus paradoxus,Lep_par,
Collembola,Animalia,Arthropoda,Collembola,,,Lepidocyrtus,Lepidocyrtus parvidentatus,Lep_par,
Collembola,Animalia,Arthropoda,Collembola,,,Lepidocyrtus,Lepidocyrtus peisonis,Lep_pei,
Collembola,Animalia,Arthropoda,Collembola,,,Lepidocyrtus,Lepidocyrtus pictus,Lep_pic,
Collembola,Animalia,Arthropoda,Collembola,,,Lepidocyrtus,Lepidocyrtus ralumensis,Lep_ral,
Collembola,Animalia,Arthropoda,Collembola,,,Lepidocyrtus,Lepidocyrtus ruber,Lep_rub,
Collembola,Animalia,Arthropoda,Collembola,,,Lepidocyrtus,Lepidocyrtus serbicus,Lep_ser,
Collembola,Animalia,Arthropoda,Collembola,,,Lepidocyrtus,Lepidocyrtus tellecheae,Lep_tel,
Collembola,Animalia,Arthropoda,Collembola,,,Lepidocyrtus,Lepidocyrtus vexillosus,Lep_vex,
Collembola,Animalia,Arthropoda,Collembola,,,Lepidocyrtus,Lepidocyrtus violaceus,Lep_vio,
Collembola,Animalia,Arthropoda,Collembola,,,Lepidocyrtus,Lepidocyrtus weidneri,Lep_wei,
Collembola,Animalia,Arthropoda,Collembola,,,Lipothrix,Lipothrix bernardi,Lip_ber,
Collembola,Animalia,Arthropoda,Collembola,,,Lipothrix,Lipothrix italica,Lip_ita,
Collembola,Animalia,Arthropoda,Collembola,,,Lipothrix,Lipothrix lubbocki,Lip_lub,
Collembola,Animalia,Arthropoda,Collembola,,,Mackenziella,Mackenziella psocoides,Mac_pso,
Collembola,Animalia,Arthropoda,Collembola,,,Marcuzziella,Marcuzziella tripartita,Mar_tri,
Collembola,Animalia,Arthropoda,Collembola,,,Marisotoma,Marisotoma canaliculata,Mar_can,
Collembola,Animalia,Arthropoda,Collembola,,,Marisotoma,Marisotoma tenuicornis,Mar_ten,
Collembola,Animalia,Arthropoda,Collembola,,,Mastigoceras,Mastigoceras camponoti,Mas_cam,
Collembola,Animalia,Arthropoda,Collembola,,,Megalothorax,Megalothorax incertus,Meg_inc,
Collembola,Animalia,Arthropoda,Collembola,,,Megalothorax,Megalothorax minimus,Meg_min,
Collembola,Animalia,Arthropoda,Collembola,,,Mesaphorura,Mesaphorura atlantica,Mes_atl,
Collembola,Animalia,Arthropoda,Collembola,,,Mesaphorura,Mesaphorura betschi,Mes_bet,
Collembola,Animalia,Arthropoda,Collembola,,,Mesaphorura,Mesaphorura critica,Mes_cri,
Collembola,Animalia,Arthropoda,Collembola,,,Mesaphorura,Mesaphorura delamarei,Mes_del,
Collembola,Animalia,Arthropoda,Collembola,,,Mesaphorura,Mesaphorura florae,Mes_flo,
Collembola,Animalia,Arthropoda,Collembola,,,Mesaphorura,Mesaphorura hygrophila,Mes_hyg,
Collembola,Animalia,Arthropoda,Collembola,,,Mesaphorura,Mesaphorura hylophila,Mes_hyl,
Collembola,Animalia,Arthropoda,Collembola,,,Mesaphorura,Mesaphorura italica,Mes_ita,
Collembola,Animalia,Arthropoda,Collembola,,,Mesaphorura,Mesaphorura jarmilae,Mes_jar,
Collembola,Animalia,Arthropoda,Collembola,,,Mesaphorura,Mesaphorura jevanica,Mes_jev,
Collembola,Animalia,Arthropoda,Collembola,,,Mesaphorura,Mesaphorura jirii,Mes_jir,
Collembola,Animalia,Arthropoda,Collembola,,,Mesaphorura,Mesaphorura krausbaueri,Mes_kra,
Collembola,Animalia,Arthropoda,Collembola,,,Mesaphorura,Mesaphorura krausbaueri,Mes_kra,
Collembola,Animalia,Arthropoda,Collembola,,,Mesaphorura,Mesaphorura leitzaensis,Mes_lei,
Collembola,Animalia,Arthropoda,Collembola,,,Mesaphorura,Mesaphorura macrochaeta,Mes_mac,
Collembola,Animalia,Arthropoda,Collembola,,,Mesaphorura,Mesaphorura petterdassi,Mes_pet,
Collembola,Animalia,Arthropoda,Collembola,,,Mesaphorura,Mesaphorura pongei,Mes_pon,
Collembola,Animalia,Arthropoda,Collembola,,,Mesaphorura,Mesaphorura redondoi,Mes_red,
Collembola,Animalia,Arthropoda,Collembola,,,Mesaphorura,Mesaphorura rudolfi,Mes_rud,
Collembola,Animalia,Arthropoda,Collembola,,,Mesaphorura,Mesaphorura sensibilis,Mes_sen,
Collembola,Animalia,Arthropoda,Collembola,,,Mesaphorura,Mesaphorura simoni,Mes_sim,
Collembola,Animalia,Arthropoda,Collembola,,,Mesaphorura,Mesaphorura sylvatica,Mes_syl,
Collembola,Animalia,Arthropoda,Collembola,,,Mesaphorura,Mesaphorura sylvatica,Mes_syl,
Collembola,Animalia,Arthropoda,Collembola,,,Mesaphorura,Mesaphorura tenuisensillata,Mes_ten,
Collembola,Animalia,Arthropoda,Collembola,,,Mesaphorura,Mesaphorura yosii,Mes_yos,
Collembola,Animalia,Arthropoda,Collembola,,,Mesaphorura,Mesaphorura yosii,Mes_yos,
Collembola,Animalia,Arthropoda,Collembola,,,Mesentotoma,Mesentotoma dollfusi,Mes_dol,
Collembola,Animalia,Arthropoda,Collembola,,,Mesogastrura,Mesogastrura ojcoviensis,Mes_ojc,
Collembola,Animalia,Arthropoda,Collembola,,,Metaphorura,Metaphorura affinis,Met_aff,
Collembola,Animalia,Arthropoda,Collembola,,,Metaphorura,Metaphorura bipartita,Met_bip,
Collembola,Animalia,Arthropoda,Collembola,,,Metaphorura,Metaphorura denisi,Met_den,
Collembola,Animalia,Arthropoda,Collembola,,,Metaphorura,Metaphorura orestia,Met_ore,
Collembola,Animalia,Arthropoda,Collembola,,,Micranurida,Micranurida anophthalmica,Mic_ano,
Collembola,Animalia,Arthropoda,Collembola,,,Micranurida,Micranurida balta,Mic_bal,
Collembola,Animalia,Arthropoda,Collembola,,,Micranurida,Micranurida bescidica,Mic_bes,
Collembola,Animalia,Arthropoda,Collembola,,,Micranurida,Micranurida candida,Mic_can,
Collembola,Animalia,Arthropoda,Collembola,,,Micranurida,Micranurida forsslundi,Mic_for,
Collembola,Animalia,Arthropoda,Collembola,,,Micranurida,Micranurida hygrophila,Mic_hyg,
Collembola,Animalia,Arthropoda,Collembola,,,Micranurida,Micranurida papillosa,Mic_pap,
Collembola,Animalia,Arthropoda,Collembola,,,Micranurida,Micranurida pygmaea,Mic_pyg,
Collembola,Animalia,Arthropoda,Collembola,,,Micranurida,Micranurida sensillata,Mic_sen,
Collembola,Animalia,Arthropoda,Collembola,,,Micranurida,Micranurida spirillifera,Mic_spi,
Collembola,Animalia,Arthropoda,Collembola,,,Micranurophorus,Micranurophorus musci,Mic_mus,
Collembola,Animalia,Arthropoda,Collembola,,,Microgastrura,Microgastrura duodecimoculata,Mic_duo,
Collembola,Animalia,Arthropoda,Collembola,,,Micronella,Micronella porcus,Mic_por,
Collembola,Animalia,Arthropoda,Collembola,,,Mitchelliana,Mitchelliana hystrix,Mit_hys,
Collembola,Animalia,Arthropoda,Collembola,,,Monobella,Monobella calva,Mon_cal,
Collembola,Animalia,Arthropoda,Collembola,,,Monobella,Monobella grassei,Mon_gra,
Collembola,Animalia,Arthropoda,Collembola,,,Morulina,Morulina verrucosa,Mor_ver,
Collembola,Animalia,Arthropoda,Collembola,,,Mucrella,Mucrella acuminata,Muc_acu,
Collembola,Animalia,Arthropoda,Collembola,,,Mucrosomia,Mucrosomia garretti,Muc_gar,
Collembola,Animalia,Arthropoda,Collembola,,,NA,NA NA,NA_NA,
Collembola,Animalia,Arthropoda,Collembola,,,NA,NA NA,NA_NA,
Collembola,Animalia,Arthropoda,Collembola,,,Neanura,Neanura coronifera,Nea_cor,
Collembola,Animalia,Arthropoda,Collembola,,,Neanura,Neanura minuta,Nea_min,
Collembola,Animalia,Arthropoda,Collembola,,,Neanura,Neanura muscorum,Nea_mus,
Collembola,Animalia,Arthropoda,Collembola,,,Neanura,Neanura parva,Nea_par,
Collembola,Animalia,Arthropoda,Collembola,,,Neanura,Neanura pseudoparva,Nea_pse,
Collembola,Animalia,Arthropoda,Collembola,,,Neelides,Neelides minutus,Nee_min,
Collembola,Animalia,Arthropoda,Collembola,,,Neelus,Neelus murinus,Nee_mur,
Collembola,Animalia,Arthropoda,Collembola,,,Neonaphorura,Neonaphorura adulta,Neo_adu,
Collembola,Animalia,Arthropoda,Collembola,,,Neonaphorura,Neonaphorura duboscqi,Neo_dub,
Collembola,Animalia,Arthropoda,Collembola,,,Neonaphorura,Neonaphorura dungeri,Neo_dun,
Collembola,Animalia,Arthropoda,Collembola,,,Neonaphorura,Neonaphorura novemspina,Neo_nov,
Collembola,Animalia,Arthropoda,Collembola,,,Neotullbergia,Neotullbergia crassicuspis,Neo_cra,
Collembola,Animalia,Arthropoda,Collembola,,,Neotullbergia,Neotullbergia ramicuspis,Neo_ram,
Collembola,Animalia,Arthropoda,Collembola,,,Neotullbergia,Neotullbergia staudacheri,Neo_sta,
Collembola,Animalia,Arthropoda,Collembola,,,Neotullbergia,Neotullbergia tricuspis,Neo_tri,
Collembola,Animalia,Arthropoda,Collembola,,,Oligaphorura,Oligaphorura absoloni,Oli_abs,
Collembola,Animalia,Arthropoda,Collembola,,,Oligaphorura,Oligaphorura differens,Oli_dif,
Collembola,Animalia,Arthropoda,Collembola,,,Oligaphorura,Oligaphorura groenlandica,Oli_gro,
Collembola,Animalia,Arthropoda,Collembola,,,Oligaphorura,Oligaphorura multiperforata,Oli_mul,
Collembola,Animalia,Arthropoda,Collembola,,,Oligaphorura,Oligaphorura schoetti,Oli_sch,
Collembola,Animalia,Arthropoda,Collembola,,,Oligaphorura,Oligaphorura serratotuberculata,Oli_ser,
Collembola,Animalia,Arthropoda,Collembola,,,Oligaphorura,Oligaphorura ursi,Oli_urs,
Collembola,Animalia,Arthropoda,Collembola,,,Oncopodura,Oncopodura Carl,Onc_Car,
Collembola,Animalia,Arthropoda,Collembola,,,Oncopodura,Oncopodura crassicornis,Onc_cra,
Collembola,Animalia,Arthropoda,Collembola,,,Oncopodura,Oncopodura reyersdorfensis,Onc_rey,
Collembola,Animalia,Arthropoda,Collembola,,,Onychiuroides,Onychiuroides cavernicolus,Ony_cav,
Collembola,Animalia,Arthropoda,Collembola,,,Onychiuroides,Onychiuroides granulosus,Ony_gra,
Collembola,Animalia,Arthropoda,Collembola,,,Onychiuroides,Onychiuroides pseudogranulosus,Ony_pse,
Collembola,Animalia,Arthropoda,Collembola,,,Onychiuroides,Onychiuroides subgranulosus,Ony_sub,
Collembola,Animalia,Arthropoda,Collembola,,,Onychiuroides,Onychiuroides vornatscheri,Ony_vor,
Collembola,Animalia,Arthropoda,Collembola,,,Onychiurus,Onychiurus ambulans,Ony_amb,
Collembola,Animalia,Arthropoda,Collembola,,,Onychiurus,Onychiurus ariegicus,Ony_ari,
Collembola,Animalia,Arthropoda,Collembola,,,Onychiurus,Onychiurus armatus,Ony_arm,
Collembola,Animalia,Arthropoda,Collembola,,,Onychiurus,Onychiurus cadaverinus,Ony_cad,
Collembola,Animalia,Arthropoda,Collembola,,,Onychiurus,Onychiurus circulans,Ony_cir,
Collembola,Animalia,Arthropoda,Collembola,,,Onychiurus,Onychiurus dissimulans,Ony_dis,
Collembola,Animalia,Arthropoda,Collembola,,,Onychiurus,Onychiurus hussoni,Ony_hus,
Collembola,Animalia,Arthropoda,Collembola,,,Onychiurus,Onychiurus insinuans,Ony_ins,
Collembola,Animalia,Arthropoda,Collembola,,,Onychiurus,Onychiurus rectospinatus,Ony_rec,
Collembola,Animalia,Arthropoda,Collembola,,,Onychiurus,Onychiurus scotarius,Ony_sco,
Collembola,Animalia,Arthropoda,Collembola,,,Onychiurus,Onychiurus sublegans,Ony_sub,
Collembola,Animalia,Arthropoda,Collembola,,,Orchesella,Orchesella albofasciata,Orc_alb,
Collembola,Animalia,Arthropoda,Collembola,,,Orchesella,Orchesella alticola,Orc_alt,
Collembola,Animalia,Arthropoda,Collembola,,,Orchesella,Orchesella bifasciata,Orc_bif,
Collembola,Animalia,Arthropoda,Collembola,,,Orchesella,Orchesella bulgarica,Orc_bul,
Collembola,Animalia,Arthropoda,Collembola,,,Orchesella,Orchesella cincta,Orc_cin,
Collembola,Animalia,Arthropoda,Collembola,,,Orchesella,Orchesella devergens,Orc_dev,
Collembola,Animalia,Arthropoda,Collembola,,,Orchesella,Orchesella flavescens,Orc_fla,
Collembola,Animalia,Arthropoda,Collembola,,,Orchesella,Orchesella frontimaculata,Orc_fro,
Collembola,Animalia,Arthropoda,Collembola,,,Orchesella,Orchesella lineata,Orc_lin,
Collembola,Animalia,Arthropoda,Collembola,,,Orchesella,Orchesella longifasciata,Orc_lon,
Collembola,Animalia,Arthropoda,Collembola,,,Orchesella,Orchesella montana,Orc_mon,
Collembola,Animalia,Arthropoda,Collembola,,,Orchesella,Orchesella multifasciata,Orc_mul,
Collembola,Animalia,Arthropoda,Collembola,,,Orchesella,Orchesella quinquefasciata,Orc_qui,
Collembola,Animalia,Arthropoda,Collembola,,,Orchesella,Orchesella spectabilis,Orc_spe,
Collembola,Animalia,Arthropoda,Collembola,,,Orchesella,Orchesella villosa,Orc_vil,
Collembola,Animalia,Arthropoda,Collembola,,,Orchesella,Orchesella xerothermica,Orc_xer,
Collembola,Animalia,Arthropoda,Collembola,,,Orenius,Orenius parvus,Ore_par,
Collembola,Animalia,Arthropoda,Collembola,,,Orthonychiurus,Orthonychiurus folsomi,Ort_fol,
Collembola,Animalia,Arthropoda,Collembola,,,Orthonychiurus,Orthonychiurus rectopapillatus,Ort_rec,
Collembola,Animalia,Arthropoda,Collembola,,,Pachyotoma,Pachyotoma crassicauda,Pac_cra,
Collembola,Animalia,Arthropoda,Collembola,,,Pachyotoma,Pachyotoma topsenti,Pac_top,
Collembola,Animalia,Arthropoda,Collembola,,,Paranura,Paranura sexpunctata,Par_sex,
Collembola,Animalia,Arthropoda,Collembola,,,Paratullbergia,Paratullbergia callipygos,Par_cal,
Collembola,Animalia,Arthropoda,Collembola,,,Paratullbergia,Paratullbergia macdougalli,Par_mac,
Collembola,Animalia,Arthropoda,Collembola,,,Paraxenylla,Paraxenylla affiniformis,Par_aff,
Collembola,Animalia,Arthropoda,Collembola,,,Parisotoma,Parisotoma agrelli,Par_agr,
Collembola,Animalia,Arthropoda,Collembola,,,Parisotoma,Parisotoma ekmani,Par_ekm,
Collembola,Animalia,Arthropoda,Collembola,,,Parisotoma,Parisotoma notabilis,Par_not,
Collembola,Animalia,Arthropoda,Collembola,,,Plutomurus,Plutomurus carpaticus,Plu_car,
Collembola,Animalia,Arthropoda,Collembola,,,Plutomurus,Plutomurus unidentatus,Plu_uni,
Collembola,Animalia,Arthropoda,Collembola,,,Podura,Podura aquatica,Pod_aqu,
Collembola,Animalia,Arthropoda,Collembola,,,Pogonognathellus,Pogonognathellus flavescens,Pog_fla,
Collembola,Animalia,Arthropoda,Collembola,,,Pogonognathellus,Pogonognathellus longicornis,Pog_lon,
Collembola,Animalia,Arthropoda,Collembola,,,Pratanurida,Pratanurida boerneri,Pra_boe,
Collembola,Animalia,Arthropoda,Collembola,,,Pratanurida,Pratanurida cassagnaui,Pra_cas,
Collembola,Animalia,Arthropoda,Collembola,,,Proctostephanus,Proctostephanus madeirensis,Pro_mad,
Collembola,Animalia,Arthropoda,Collembola,,,Proisotoma,Proisotoma admaritima,Pro_adm,
Collembola,Animalia,Arthropoda,Collembola,,,Proisotoma,Proisotoma armeriae,Pro_arm,
Collembola,Animalia,Arthropoda,Collembola,,,Proisotoma,Proisotoma brevidens,Pro_bre,
Collembola,Animalia,Arthropoda,Collembola,,,Proisotoma,Proisotoma clavipila,Pro_cla,
Collembola,Animalia,Arthropoda,Collembola,,,Proisotoma,Proisotoma coeca,Pro_coe,
Collembola,Animalia,Arthropoda,Collembola,,,Proisotoma,Proisotoma dottrensi,Pro_dot,
Collembola,Animalia,Arthropoda,Collembola,,,Proisotoma,Proisotoma minima,Pro_min,
Collembola,Animalia,Arthropoda,Collembola,,,Proisotoma,Proisotoma minuta,Pro_min,
Collembola,Animalia,Arthropoda,Collembola,,,Proisotoma,Proisotoma nova,Pro_nov,
Collembola,Animalia,Arthropoda,Collembola,,,Proisotoma,Proisotoma ripicola,Pro_rip,
Collembola,Animalia,Arthropoda,Collembola,,,Proisotoma,Proisotoma subminuta,Pro_sub,
Collembola,Animalia,Arthropoda,Collembola,,,Proisotomodes,Proisotomodes bipunctatus,Pro_bip,
Collembola,Animalia,Arthropoda,Collembola,,,Proisotomodes,Proisotomodes debilis,Pro_deb,
Collembola,Animalia,Arthropoda,Collembola,,,Pronura,Pronura amazonica,Pro_ama,
Collembola,Animalia,Arthropoda,Collembola,,,Prorastriopes,Prorastriopes spathaceus,Pro_spa,
Collembola,Animalia,Arthropoda,Collembola,,,Prorastriopes,Prorastriopes venezuelae,Pro_ven,
Collembola,Animalia,Arthropoda,Collembola,,,Protachorutes,Protachorutes pyrenaeus,Pro_pyr,
Collembola,Animalia,Arthropoda,Collembola,,,Protaphorura,Protaphorura armata,Pro_arm,
Collembola,Animalia,Arthropoda,Collembola,,,Protaphorura,Protaphorura aurantiaca,Pro_aur,
Collembola,Animalia,Arthropoda,Collembola,,,Protaphorura,Protaphorura austriaca,Pro_aus,
Collembola,Animalia,Arthropoda,Collembola,,,Protaphorura,Protaphorura bicampata,Pro_bic,
Collembola,Animalia,Arthropoda,Collembola,,,Protaphorura,Protaphorura boedvarssoni,Pro_boe,
Collembola,Animalia,Arthropoda,Collembola,,,Protaphorura,Protaphorura campata,Pro_cam,
Collembola,Animalia,Arthropoda,Collembola,,,Protaphorura,Protaphorura cancellata,Pro_can,
Collembola,Animalia,Arthropoda,Collembola,,,Protaphorura,Protaphorura eichhorni,Pro_eic,
Collembola,Animalia,Arthropoda,Collembola,,,Protaphorura,Protaphorura fimata,Pro_fim,
Collembola,Animalia,Arthropoda,Collembola,,,Protaphorura,Protaphorura gisini,Pro_gis,
Collembola,Animalia,Arthropoda,Collembola,,,Protaphorura,Protaphorura glebata,Pro_gle,
Collembola,Animalia,Arthropoda,Collembola,,,Protaphorura,Protaphorura islandica,Pro_isl,
Collembola,Animalia,Arthropoda,Collembola,,,Protaphorura,Protaphorura levantina,Pro_lev,
Collembola,Animalia,Arthropoda,Collembola,,,Protaphorura,Protaphorura macfadyeni,Pro_mac,
Collembola,Animalia,Arthropoda,Collembola,,,Protaphorura,Protaphorura meridiata,Pro_mer,
Collembola,Animalia,Arthropoda,Collembola,,,Protaphorura,Protaphorura octopunctata,Pro_oct,
Collembola,Animalia,Arthropoda,Collembola,,,Protaphorura,Protaphorura orthacantha,Pro_ort,
Collembola,Animalia,Arthropoda,Collembola,,,Protaphorura,Protaphorura pannonica,Pro_pan,
Collembola,Animalia,Arthropoda,Collembola,,,Protaphorura,Protaphorura parallata,Pro_par,
Collembola,Animalia,Arthropoda,Collembola,,,Protaphorura,Protaphorura pseudocellata,Pro_pse,
Collembola,Animalia,Arthropoda,Collembola,,,Protaphorura,Protaphorura pseudovanderdrifti,Pro_pse,
Collembola,Animalia,Arthropoda,Collembola,,,Protaphorura,Protaphorura quadriocellata,Pro_qua,
Collembola,Animalia,Arthropoda,Collembola,,,Protaphorura,Protaphorura sakatoi,Pro_sak,
Collembola,Animalia,Arthropoda,Collembola,,,Protaphorura,Protaphorura stiriaca,Pro_sti,
Collembola,Animalia,Arthropoda,Collembola,,,Protaphorura,Protaphorura stogovi,Pro_sto,
Collembola,Animalia,Arthropoda,Collembola,,,Protaphorura,Protaphorura subnemorata,Pro_sub,
Collembola,Animalia,Arthropoda,Collembola,,,Protaphorura,Protaphorura subuliginata,Pro_sub,
Collembola,Animalia,Arthropoda,Collembola,,,Protaphorura,Protaphorura svontoernei,Pro_svo,
Collembola,Animalia,Arthropoda,Collembola,,,Protaphorura,Protaphorura tricampata,Pro_tri,
Collembola,Animalia,Arthropoda,Collembola,,,Protaphorura,Protaphorura trivontoernei,Pro_tri,
Collembola,Animalia,Arthropoda,Collembola,,,Protaphorura,Protaphorura vontoernei,Pro_von,
Collembola,Animalia,Arthropoda,Collembola,,,Pseudachorudina,Pseudachorudina dahli,Pse_dah,
Collembola,Animalia,Arthropoda,Collembola,,,Pseudachorudina,Pseudachorudina meridionalis,Pse_mer,
Collembola,Animalia,Arthropoda,Collembola,,,Pseudachorutella,Pseudachorutella asigillata,Pse_asi,
Collembola,Animalia,Arthropoda,Collembola,,,Pseudachorutes,Pseudachorutes corticicolus,Pse_cor,
Collembola,Animalia,Arthropoda,Collembola,,,Pseudachorutes,Pseudachorutes crassus,Pse_cra,
Collembola,Animalia,Arthropoda,Collembola,,,Pseudachorutes,Pseudachorutes dubius,Pse_dub,
Collembola,Animalia,Arthropoda,Collembola,,,Pseudachorutes,Pseudachorutes laricis,Pse_lar,
Collembola,Animalia,Arthropoda,Collembola,,,Pseudachorutes,Pseudachorutes palmiensis,Pse_pal,
Collembola,Animalia,Arthropoda,Collembola,,,Pseudachorutes,Pseudachorutes parvulus,Pse_par,
Collembola,Animalia,Arthropoda,Collembola,,,Pseudachorutes,Pseudachorutes pratensis,Pse_pra,
Collembola,Animalia,Arthropoda,Collembola,,,Pseudachorutes,Pseudachorutes subcrassus,Pse_sub,
Collembola,Animalia,Arthropoda,Collembola,,,Pseudanurophorus,Pseudanurophorus alticolus,Pse_alt,
Collembola,Animalia,Arthropoda,Collembola,,,Pseudanurophorus,Pseudanurophorus binoculatus,Pse_bin,
Collembola,Animalia,Arthropoda,Collembola,,,Pseudanurophorus,Pseudanurophorus boerneri,Pse_boe,
Collembola,Animalia,Arthropoda,Collembola,,,Pseudanurophorus,Pseudanurophorus isotoma,Pse_iso,
Collembola,Animalia,Arthropoda,Collembola,,,Pseudisotoma,Pseudisotoma monochaeta,Pse_mon,
Collembola,Animalia,Arthropoda,Collembola,,,Pseudisotoma,Pseudisotoma sensibilis,Pse_sen,
Collembola,Animalia,Arthropoda,Collembola,,,Pseudosinella,Pseudosinella aelleni,Pse_ael,
Collembola,Animalia,Arthropoda,Collembola,,,Pseudosinella,Pseudosinella alba,Pse_alb,
Collembola,Animalia,Arthropoda,Collembola,,,Pseudosinella,Pseudosinella albida,Pse_alb,
Collembola,Animalia,Arthropoda,Collembola,,,Pseudosinella,Pseudosinella binoculata,Pse_bin,
Collembola,Animalia,Arthropoda,Collembola,,,Pseudosinella,Pseudosinella cavernarum,Pse_cav,
Collembola,Animalia,Arthropoda,Collembola,,,Pseudosinella,Pseudosinella decipiens,Pse_dec,
Collembola,Animalia,Arthropoda,Collembola,,,Pseudosinella,Pseudosinella decui,Pse_dec,
Collembola,Animalia,Arthropoda,Collembola,,,Pseudosinella,Pseudosinella denisi,Pse_den,
Collembola,Animalia,Arthropoda,Collembola,,,Pseudosinella,Pseudosinella duodecimocellata,Pse_duo,
Collembola,Animalia,Arthropoda,Collembola,,,Pseudosinella,Pseudosinella duodecimoculata,Pse_duo,
Collembola,Animalia,Arthropoda,Collembola,,,Pseudosinella,Pseudosinella duodecimpunctata,Pse_duo,
Collembola,Animalia,Arthropoda,Collembola,,,Pseudosinella,Pseudosinella fallax,Pse_fal,
Collembola,Animalia,Arthropoda,Collembola,,,Pseudosinella,Pseudosinella gineti,Pse_gin,
Collembola,Animalia,Arthropoda,Collembola,,,Pseudosinella,Pseudosinella halophila,Pse_hal,
Collembola,Animalia,Arthropoda,Collembola,,,Pseudosinella,Pseudosinella horaki,Pse_hor,
Collembola,Animalia,Arthropoda,Collembola,,,Pseudosinella,Pseudosinella huetheri,Pse_hue,
Collembola,Animalia,Arthropoda,Collembola,,,Pseudosinella,Pseudosinella illiciens,Pse_ill,
Collembola,Animalia,Arthropoda,Collembola,,,Pseudosinella,Pseudosinella immaculata,Pse_imm,
Collembola,Animalia,Arthropoda,Collembola,,,Pseudosinella,Pseudosinella imparipunctata,Pse_imp,
Collembola,Animalia,Arthropoda,Collembola,,,Pseudosinella,Pseudosinella infrequens,Pse_inf,
Collembola,Animalia,Arthropoda,Collembola,,,Pseudosinella,Pseudosinella ksenemani,Pse_kse,
Collembola,Animalia,Arthropoda,Collembola,,,Pseudosinella,Pseudosinella lamperti,Pse_lam,
Collembola,Animalia,Arthropoda,Collembola,,,Pseudosinella,Pseudosinella mauli,Pse_mau,
Collembola,Animalia,Arthropoda,Collembola,,,Pseudosinella,Pseudosinella montiscarmeli,Pse_mon,
Collembola,Animalia,Arthropoda,Collembola,,,Pseudosinella,Pseudosinella octopunctata,Pse_oct,
Collembola,Animalia,Arthropoda,Collembola,,,Pseudosinella,Pseudosinella paprivata,Pse_pap,
Collembola,Animalia,Arthropoda,Collembola,,,Pseudosinella,Pseudosinella petterseni,Pse_pet,
Collembola,Animalia,Arthropoda,Collembola,,,Pseudosinella,Pseudosinella picta,Pse_pic,
Collembola,Animalia,Arthropoda,Collembola,,,Pseudosinella,Pseudosinella plachteri,Pse_pla,
Collembola,Animalia,Arthropoda,Collembola,,,Pseudosinella,Pseudosinella pongei,Pse_pon,
Collembola,Animalia,Arthropoda,Collembola,,,Pseudosinella,Pseudosinella sexoculata,Pse_sex,
Collembola,Animalia,Arthropoda,Collembola,,,Pseudosinella,Pseudosinella subvirei,Pse_sub,
Collembola,Animalia,Arthropoda,Collembola,,,Pseudosinella,Pseudosinella terricola,Pse_ter,
Collembola,Animalia,Arthropoda,Collembola,,,Pseudosinella,Pseudosinella thibaudi,Pse_thi,
Collembola,Animalia,Arthropoda,Collembola,,,Pseudosinella,Pseudosinella wahlgreni,Pse_wah,
Collembola,Animalia,Arthropoda,Collembola,,,Pseudosinella,Pseudosinella zygophora,Pse_zyg,
Collembola,Animalia,Arthropoda,Collembola,,,Ptenothrix,Ptenothrix atra,Pte_atr,
Collembola,Animalia,Arthropoda,Collembola,,,Ptenothrix,Ptenothrix ciliata,Pte_cil,
Collembola,Animalia,Arthropoda,Collembola,,,Ptenothrix,Ptenothrix leucostrigata,Pte_leu,
Collembola,Animalia,Arthropoda,Collembola,,,Ptenothrix,Ptenothrix reticulata,Pte_ret,
Collembola,Animalia,Arthropoda,Collembola,,,Ptenothrix,Ptenothrix setosa,Pte_set,
Collembola,Animalia,Arthropoda,Collembola,,,Pumilinura,Pumilinura loksai,Pum_lok,
Collembola,Animalia,Arthropoda,Collembola,,,Pygmarrhopalites,Pygmarrhopalites cochlearifer,Pyg_coc,
Collembola,Animalia,Arthropoda,Collembola,,,Pygmarrhopalites,Pygmarrhopalites principalis,Pyg_pri,
Collembola,Animalia,Arthropoda,Collembola,,,Pygmarrhopalites,Pygmarrhopalites pseudoappendices,Pyg_pse,
Collembola,Animalia,Arthropoda,Collembola,,,Pygmarrhopalites,Pygmarrhopalites pygmaeus,Pyg_pyg,
Collembola,Animalia,Arthropoda,Collembola,,,Pygmarrhopalites,Pygmarrhopalites sericus,Pyg_ser,
Collembola,Animalia,Arthropoda,Collembola,,,Pygmarrhopalites,Pygmarrhopalites spinosus,Pyg_spi,
Collembola,Animalia,Arthropoda,Collembola,,,Pygmarrhopalites,Pygmarrhopalites terricola,Pyg_ter,
Collembola,Animalia,Arthropoda,Collembola,,,Rapoportella,Rapoportella Ellis,Rap_Ell,
Collembola,Animalia,Arthropoda,Collembola,,,Rastriopes,Rastriopes amphigyus,Ras_amp,
Collembola,Animalia,Arthropoda,Collembola,,,Rastriopes,Rastriopes vexillarius,Ras_vex,
Collembola,Animalia,Arthropoda,Collembola,,,Salina,Salina celebensis,Sal_cel,
Collembola,Animalia,Arthropoda,Collembola,,,Scaphaphorura,Scaphaphorura arenaria,Sca_are,
Collembola,Animalia,Arthropoda,Collembola,,,Schaefferia,Schaefferia decemoculata,Sch_dec,
Collembola,Animalia,Arthropoda,Collembola,,,Schaefferia,Schaefferia elegans,Sch_ele,
Collembola,Animalia,Arthropoda,Collembola,,,Schaefferia,Schaefferia emucronata,Sch_emu,
Collembola,Animalia,Arthropoda,Collembola,,,Schaefferia,Schaefferia quadrioculata,Sch_qua,
Collembola,Animalia,Arthropoda,Collembola,,,Schaefferia,Schaefferia sexoculata,Sch_sex,
Collembola,Animalia,Arthropoda,Collembola,,,Schaefferia,Schaefferia subcoeca,Sch_sub,
Collembola,Animalia,Arthropoda,Collembola,,,Schaefferia,Schaefferia willemi,Sch_wil,
Collembola,Animalia,Arthropoda,Collembola,,,Schoettella,Schoettella ununguiculata,Sch_unu,
Collembola,Animalia,Arthropoda,Collembola,,,Seira,Seira annulicornis,Sei_ann,
Collembola,Animalia,Arthropoda,Collembola,,,Seira,Seira armillata,Sei_arm,
Collembola,Animalia,Arthropoda,Collembola,,,Seira,Seira dollfusi,Sei_dol,
Collembola,Animalia,Arthropoda,Collembola,,,Seira,Seira domestica,Sei_dom,
Collembola,Animalia,Arthropoda,Collembola,,,Seira,Seira dori,Sei_dor,
Collembola,Animalia,Arthropoda,Collembola,,,Seira,Seira falcifer,Sei_fal,
Collembola,Animalia,Arthropoda,Collembola,,,Seira,Seira ferrarii,Sei_fer,
Collembola,Animalia,Arthropoda,Collembola,,,Seira,Seira flavovirens,Sei_fla,
Collembola,Animalia,Arthropoda,Collembola,,,Seira,Seira fuscopicta,Sei_fus,
Collembola,Animalia,Arthropoda,Collembola,,,Seira,Seira voeltzkowi,Sei_voe,
Collembola,Animalia,Arthropoda,Collembola,,,Setocerura,Setocerura georgiana,Set_geo,
Collembola,Animalia,Arthropoda,Collembola,,,Sinella,Sinella curviseta,Sin_cur,
Collembola,Animalia,Arthropoda,Collembola,,,Sminthurides,Sminthurides annulicornis,Smi_ann,
Collembola,Animalia,Arthropoda,Collembola,,,Sminthurides,Sminthurides aquaticus,Smi_aqu,
Collembola,Animalia,Arthropoda,Collembola,,,Sminthurides,Sminthurides bifidus,Smi_bif,
Collembola,Animalia,Arthropoda,Collembola,,,Sminthurides,Sminthurides inaequalis,Smi_ina,
Collembola,Animalia,Arthropoda,Collembola,,,Sminthurides,Sminthurides malmgreni,Smi_mal,
Collembola,Animalia,Arthropoda,Collembola,,,Sminthurides,Sminthurides parvulus,Smi_par,
Collembola,Animalia,Arthropoda,Collembola,,,Sminthurides,Sminthurides penicillifer,Smi_pen,
Collembola,Animalia,Arthropoda,Collembola,,,Sminthurides,Sminthurides pseudassimilis,Smi_pse,
Collembola,Animalia,Arthropoda,Collembola,,,Sminthurides,Sminthurides schoetti,Smi_sch,
Collembola,Animalia,Arthropoda,Collembola,,,Sminthurides,Sminthurides signatus,Smi_sig,
Collembola,Animalia,Arthropoda,Collembola,,,Sminthurinus,Sminthurinus albifrons,Smi_alb,
Collembola,Animalia,Arthropoda,Collembola,,,Sminthurinus,Sminthurinus alpinus,Smi_alp,
Collembola,Animalia,Arthropoda,Collembola,,,Sminthurinus,Sminthurinus aureus,Smi_aur,
Collembola,Animalia,Arthropoda,Collembola,,,Sminthurinus,Sminthurinus aureus,Smi_aur,
Collembola,Animalia,Arthropoda,Collembola,,,Sminthurinus,Sminthurinus bimaculatus,Smi_bim,
Collembola,Animalia,Arthropoda,Collembola,,,Sminthurinus,Sminthurinus concolor,Smi_con,
Collembola,Animalia,Arthropoda,Collembola,,,Sminthurinus,Sminthurinus domesticus,Smi_dom,
Collembola,Animalia,Arthropoda,Collembola,,,Sminthurinus,Sminthurinus elegans,Smi_ele,
Collembola,Animalia,Arthropoda,Collembola,,,Sminthurinus,Sminthurinus gisini,Smi_gis,
Collembola,Animalia,Arthropoda,Collembola,,,Sminthurinus,Sminthurinus igniceps,Smi_ign,
Collembola,Animalia,Arthropoda,Collembola,,,Sminthurinus,Sminthurinus lawrencei,Smi_law,
Collembola,Animalia,Arthropoda,Collembola,,,Sminthurinus,Sminthurinus lineatus,Smi_lin,
Collembola,Animalia,Arthropoda,Collembola,,,Sminthurinus,Sminthurinus niger,Smi_nig,
Collembola,Animalia,Arthropoda,Collembola,,,Sminthurinus,Sminthurinus niger,Smi_nig,
Collembola,Animalia,Arthropoda,Collembola,,,Sminthurinus,Sminthurinus quadratus,Smi_qua,
Collembola,Animalia,Arthropoda,Collembola,,,Sminthurinus,Sminthurinus reticulatus,Smi_ret,
Collembola,Animalia,Arthropoda,Collembola,,,Sminthurinus,Sminthurinus signatus,Smi_sig,
Collembola,Animalia,Arthropoda,Collembola,,,Sminthurinus,Sminthurinus transversalis,Smi_tra,
Collembola,Animalia,Arthropoda,Collembola,,,Sminthurinus,Sminthurinus trinotatus,Smi_tri,
Collembola,Animalia,Arthropoda,Collembola,,,Sminthurus,Sminthurus ghilarovi,Smi_ghi,
Collembola,Animalia,Arthropoda,Collembola,,,Sminthurus,Sminthurus maculatus,Smi_mac,
Collembola,Animalia,Arthropoda,Collembola,,,Sminthurus,Sminthurus multipunctatus,Smi_mul,
Collembola,Animalia,Arthropoda,Collembola,,,Sminthurus,Sminthurus nigromaculatus,Smi_nig,
Collembola,Animalia,Arthropoda,Collembola,,,Sminthurus,Sminthurus viridis,Smi_vir,
Collembola,Animalia,Arthropoda,Collembola,,,Spatulosminthurus,Spatulosminthurus flaviceps,Spa_fla,
Collembola,Animalia,Arthropoda,Collembola,,,Spatulosminthurus,Spatulosminthurus guthriei,Spa_gut,
Collembola,Animalia,Arthropoda,Collembola,,,Spatulosminthurus,Spatulosminthurus lesnei,Spa_les,
Collembola,Animalia,Arthropoda,Collembola,,,species,species group,spe_gro,
Collembola,Animalia,Arthropoda,Collembola,,,Sphaeridia,Sphaeridia boettgeri,Sph_boe,
Collembola,Animalia,Arthropoda,Collembola,,,Sphaeridia,Sphaeridia cerastes,Sph_cer,
Collembola,Animalia,Arthropoda,Collembola,,,Sphaeridia,Sphaeridia clara,Sph_cla,
Collembola,Animalia,Arthropoda,Collembola,,,Sphaeridia,Sphaeridia coronata,Sph_cor,
Collembola,Animalia,Arthropoda,Collembola,,,Sphaeridia,Sphaeridia fibulifera,Sph_fib,
Collembola,Animalia,Arthropoda,Collembola,,,Sphaeridia,Sphaeridia franklinae,Sph_fra,
Collembola,Animalia,Arthropoda,Collembola,,,Sphaeridia,Sphaeridia furcata,Sph_fur,
Collembola,Animalia,Arthropoda,Collembola,,,Sphaeridia,Sphaeridia leutrensis,Sph_leu,
Collembola,Animalia,Arthropoda,Collembola,,,Sphaeridia,Sphaeridia pilleata,Sph_pil,
Collembola,Animalia,Arthropoda,Collembola,,,Sphaeridia,Sphaeridia pumilis,Sph_pum,
Collembola,Animalia,Arthropoda,Collembola,,,Sphaeridia,Sphaeridia squamifera,Sph_squ,
Collembola,Animalia,Arthropoda,Collembola,,,Sphaeridia,Sphaeridia superstes,Sph_sup,
Collembola,Animalia,Arthropoda,Collembola,,,Spinonychiurus,Spinonychiurus edinensis,Spi_edi,
Collembola,Animalia,Arthropoda,Collembola,,,Spinonychiurus,Spinonychiurus spinularius,Spi_spi,
Collembola,Animalia,Arthropoda,Collembola,,,Stachia,Stachia populosa,Sta_pop,
Collembola,Animalia,Arthropoda,Collembola,,,Stenacidia,Stenacidia violacea,Ste_vio,
Collembola,Animalia,Arthropoda,Collembola,,,Stenaphorura,Stenaphorura denisi,Ste_den,
Collembola,Animalia,Arthropoda,Collembola,,,Stenaphorura,Stenaphorura lubbocki,Ste_lub,
Collembola,Animalia,Arthropoda,Collembola,,,Stenaphorura,Stenaphorura quadrispina,Ste_qua,
Collembola,Animalia,Arthropoda,Collembola,,,Stenognathellus,Stenognathellus cassagnaui,Ste_cas,
Collembola,Animalia,Arthropoda,Collembola,,,Stenognathellus,Stenognathellus denisi,Ste_den,
Collembola,Animalia,Arthropoda,Collembola,,,Stenognathellus,Stenognathellus stenognathus,Ste_ste,
Collembola,Animalia,Arthropoda,Collembola,,,Strenzketoma,Strenzketoma buddenbrocki,Str_bud,
Collembola,Animalia,Arthropoda,Collembola,,,Subisotoma,Subisotoma pusilla,Sub_pus,
Collembola,Animalia,Arthropoda,Collembola,,,Superodontella,Superodontella carmenae,Sup_car,
Collembola,Animalia,Arthropoda,Collembola,,,Superodontella,Superodontella empodialis,Sup_emp,
Collembola,Animalia,Arthropoda,Collembola,,,Superodontella,Superodontella lamellifera,Sup_lam,
Collembola,Animalia,Arthropoda,Collembola,,,Superodontella,Superodontella montemaceli,Sup_mon,
Collembola,Animalia,Arthropoda,Collembola,,,Superodontella,Superodontella nana,Sup_nan,
Collembola,Animalia,Arthropoda,Collembola,,,Supraphorura,Supraphorura furcifera,Sup_fur,
Collembola,Animalia,Arthropoda,Collembola,,,Tetracanthella,Tetracanthella afurcata,Tet_afu,
Collembola,Animalia,Arthropoda,Collembola,,,Tetracanthella,Tetracanthella alpina,Tet_alp,
Collembola,Animalia,Arthropoda,Collembola,,,Tetracanthella,Tetracanthella arctica,Tet_arc,
Collembola,Animalia,Arthropoda,Collembola,,,Tetracanthella,Tetracanthella bescidica,Tet_bes,
Collembola,Animalia,Arthropoda,Collembola,,,Tetracanthella,Tetracanthella brachyura,Tet_bra,
Collembola,Animalia,Arthropoda,Collembola,,,Tetracanthella,Tetracanthella deficiens,Tet_def,
Collembola,Animalia,Arthropoda,Collembola,,,Tetracanthella,Tetracanthella fjellbergi,Tet_fje,
Collembola,Animalia,Arthropoda,Collembola,,,Tetracanthella,Tetracanthella franzi,Tet_fra,
Collembola,Animalia,Arthropoda,Collembola,,,Tetracanthella,Tetracanthella hygropetrica,Tet_hyg,
Collembola,Animalia,Arthropoda,Collembola,,,Tetracanthella,Tetracanthella hystrix,Tet_hys,
Collembola,Animalia,Arthropoda,Collembola,,,Tetracanthella,Tetracanthella luxemburgensis,Tet_lux,
Collembola,Animalia,Arthropoda,Collembola,,,Tetracanthella,Tetracanthella montana,Tet_mon,
Collembola,Animalia,Arthropoda,Collembola,,,Tetracanthella,Tetracanthella pilosa,Tet_pil,
Collembola,Animalia,Arthropoda,Collembola,,,Tetracanthella,Tetracanthella recta,Tet_rec,
Collembola,Animalia,Arthropoda,Collembola,,,Tetracanthella,Tetracanthella sibirica,Tet_sib,
Collembola,Animalia,Arthropoda,Collembola,,,Tetracanthella,Tetracanthella stachi,Tet_sta,
Collembola,Animalia,Arthropoda,Collembola,,,Tetracanthella,Tetracanthella strenzkei,Tet_str,
Collembola,Animalia,Arthropoda,Collembola,,,Tetracanthella,Tetracanthella uniseta,Tet_uni,
Collembola,Animalia,Arthropoda,Collembola,,,Tetracanthella,Tetracanthella wahlgreni,Tet_wah,
Collembola,Animalia,Arthropoda,Collembola,,,Tetrodontophora,Tetrodontophora bielanensis,Tet_bie,
Collembola,Animalia,Arthropoda,Collembola,,,Thalassaphorura,Thalassaphorura debilis,Tha_deb,
Collembola,Animalia,Arthropoda,Collembola,,,Thalassaphorura,Thalassaphorura encarpata,Tha_enc,
Collembola,Animalia,Arthropoda,Collembola,,,Thalassaphorura,Thalassaphorura zschokkei,Tha_zsc,
Collembola,Animalia,Arthropoda,Collembola,,,Thaumanura,Thaumanura carolii,Tha_car,
Collembola,Animalia,Arthropoda,Collembola,,,Thaumanura,Thaumanura oniscoides,Tha_oni,
Collembola,Animalia,Arthropoda,Collembola,,,Tomocerina,Tomocerina minuta,Tom_min,
Collembola,Animalia,Arthropoda,Collembola,,,Tomocerus,Tomocerus baudoti,Tom_bau,
Collembola,Animalia,Arthropoda,Collembola,,,Tomocerus,Tomocerus lamelliger,Tom_lam,
Collembola,Animalia,Arthropoda,Collembola,,,Tomocerus,Tomocerus lividus,Tom_liv,
Collembola,Animalia,Arthropoda,Collembola,,,Tomocerus,Tomocerus minor,Tom_min,
Collembola,Animalia,Arthropoda,Collembola,,,Tomocerus,Tomocerus vulgaris,Tom_vul,
Collembola,Animalia,Arthropoda,Collembola,,,Tremoisea,Tremoisea israelica,Tre_isr,
Collembola,Animalia,Arthropoda,Collembola,,,Triacanthella,Triacanthella biroi,Tri_bir,
Collembola,Animalia,Arthropoda,Collembola,,,Triacanthella,Triacanthella perfecta,Tri_per,
Collembola,Animalia,Arthropoda,Collembola,,,Troglopedetes,Troglopedetes cretensis,Tro_cre,
Collembola,Animalia,Arthropoda,Collembola,,,Tullbergia,Tullbergia antarctica,Tul_ant,
Collembola,Animalia,Arthropoda,Collembola,,,Tullbergia,Tullbergia bisetosa,Tul_bis,
Collembola,Animalia,Arthropoda,Collembola,,,Tullbergia,Tullbergia krausbaueri,Tul_kra,
Collembola,Animalia,Arthropoda,Collembola,,,Uzelia,Uzelia setifera,Uze_set,
Collembola,Animalia,Arthropoda,Collembola,,,Vertagopus,Vertagopus arboreus,Ver_arb,
Collembola,Animalia,Arthropoda,Collembola,,,Vertagopus,Vertagopus cinereus,Ver_cin,
Collembola,Animalia,Arthropoda,Collembola,,,Vertagopus,Vertagopus montanus,Ver_mon,
Collembola,Animalia,Arthropoda,Collembola,,,Vertagopus,Vertagopus westerlundi,Ver_wes,
Collembola,Animalia,Arthropoda,Collembola,,,Vibronychiurus,Vibronychiurus hermonicus,Vib_her,
Collembola,Animalia,Arthropoda,Collembola,,,Wankeliella,Wankeliella mediochaeta,Wan_med,
Collembola,Animalia,Arthropoda,Collembola,,,Wankeliella,Wankeliella peterseni,Wan_pet,
Collembola,Animalia,Arthropoda,Collembola,,,Wankeliella,Wankeliella pongei,Wan_pon,
Collembola,Animalia,Arthropoda,Collembola,,,Willemgastrura,Willemgastrura coeca,Wil_coe,
Collembola,Animalia,Arthropoda,Collembola,,,Willemia,Willemia anophthalma,Wil_ano,
Collembola,Animalia,Arthropoda,Collembola,,,Willemia,Willemia bedosae,Wil_bed,
Collembola,Animalia,Arthropoda,Collembola,,,Willemia,Willemia buddenbrocki,Wil_bud,
Collembola,Animalia,Arthropoda,Collembola,,,Willemia,Willemia denisi,Wil_den,
Collembola,Animalia,Arthropoda,Collembola,,,Willemia,Willemia intermedia,Wil_int,
Collembola,Animalia,Arthropoda,Collembola,,,Willemia,Willemia multilobata,Wil_mul,
Collembola,Animalia,Arthropoda,Collembola,,,Willemia,Willemia scandinavica,Wil_sca,
Collembola,Animalia,Arthropoda,Collembola,,,Willowsia,Willowsia buski,Wil_bus,
Collembola,Animalia,Arthropoda,Collembola,,,Willowsia,Willowsia nigromaculata,Wil_nig,
Collembola,Animalia,Arthropoda,Collembola,,,Willowsia,Willowsia platani,Wil_pla,
Collembola,Animalia,Arthropoda,Collembola,,,Xenylla,Xenylla acauda,Xen_aca,
Collembola,Animalia,Arthropoda,Collembola,,,Xenylla,Xenylla boerneri,Xen_boe,
Collembola,Animalia,Arthropoda,Collembola,,,Xenylla,Xenylla brevicauda,Xen_bre,
Collembola,Animalia,Arthropoda,Collembola,,,Xenylla,Xenylla brevisimilis,Xen_bre,
Collembola,Animalia,Arthropoda,Collembola,,,Xenylla,Xenylla corticalis,Xen_cor,
Collembola,Animalia,Arthropoda,Collembola,,,Xenylla,Xenylla greensladeae,Xen_gre,
Collembola,Animalia,Arthropoda,Collembola,,,Xenylla,Xenylla grisea,Xen_gri,
Collembola,Animalia,Arthropoda,Collembola,,,Xenylla,Xenylla humicola,Xen_hum,
Collembola,Animalia,Arthropoda,Collembola,,,Xenylla,Xenylla maritima,Xen_mar,
Collembola,Animalia,Arthropoda,Collembola,,,Xenylla,Xenylla mediterranea,Xen_med,
Collembola,Animalia,Arthropoda,Collembola,,,Xenylla,Xenylla schillei,Xen_sch,
Collembola,Animalia,Arthropoda,Collembola,,,Xenylla,Xenylla subacauda,Xen_sub,
Collembola,Animalia,Arthropoda,Collembola,,,Xenylla,Xenylla tullbergi,Xen_tul,
Collembola,Animalia,Arthropoda,Collembola,,,Xenylla,Xenylla welchi,Xen_wel,
Collembola,Animalia,Arthropoda,Collembola,,,Xenyllodes,Xenyllodes armatus,Xen_arm,
Collembola,Animalia,Arthropoda,Collembola,,,Xenyllogastrura,Xenyllogastrura octoculata,Xen_oct,
Collembola,Animalia,Arthropoda,Collembola,,,Yosiiella,Yosiiella mira,Yos_mir,
