Species,SpeciesID,Fct_group,Comment,Ecogroup_Phillips,MJI Briones,Correct name,Acc_name,Percent_Epigeic,Percent_Anecic,Percent_Endogeic,Ecogroup_Bottinelli,Ecogroup,kingdom,phylum,class,order,suborder,family,genus,Records,NumCells_2km,NumCells_1km
Ailoscolex lacteospumosus,Ailos_lact,NA,NA,NA,Endogeic,Ailoscolex lacteospumosus,Ailoscolex lacteospumosus,0,0,100,Endogeic,Endogeic,Animalia,Annelida,Clitellata,Opisthopora,Crassiclitellata,Ailoscolecidae,Ailoscolex,1,1,1
Allolobophora antipae,Allol_anti,NA,NA,NA,Endogeic,Proctodrilus antipai,Allolobophora,25,0,75,Epi-endogeic,Epi-endogeic,Animalia,Annelida,Clitellata,Opisthopora,Crassiclitellata,Lumbricidae,Allolobophora,2,2,2
Allolobophora carpathica,Allol_carp,NA,NA,Anecic,Anecic,Aporrectodea carpathica,Allolobophora carpathica,NA,NA,NA,NA,Anecic,Animalia,Annelida,Clitellata,Opisthopora,Crassiclitellata,Lumbricidae,Allolobophora,2,2,2
Allolobophora carpatica,Allol_carp,NA,NA,NA,,,Allolobophora carpatica,NA,NA,NA,NA,NA,Animalia,Annelida,Clitellata,Opisthopora,Crassiclitellata,Lumbricidae,Allolobophora,2,2,2
Allolobophora chlorotica,Allol_chlo,NA,NA,Epi-Endogeic,Epi-endogeic,Allolobophora chlorotica,Allolobophora chlorotica,20.67,21.67,57.67,Intermediate,Intermediate,Animalia,Annelida,Clitellata,Opisthopora,Crassiclitellata,Lumbricidae,Allolobophora,4324,1436,1572
Allolobophora cupulifera,Allol_cupu,NA,NA,NA,Endogeic,Aporrectodea cupulifera,Allolobophora cupulifera,2,0,98,Endogeic,Endogeic,Animalia,Annelida,Clitellata,Opisthopora,Crassiclitellata,Lumbricidae,Allolobophora,17,11,11
Allolobophora cyrnea,Allol_cyrn,NA,NA,NA,Endo-Anecic,Scherotheca corsicana?,Allolobophora cyrnea,NA,NA,NA,NA,NA,Animalia,Annelida,Clitellata,Opisthopora,Crassiclitellata,Lumbricidae,Allolobophora,1,1,1
Allolobophora dubiosa,Allol_dubi,NA,NA,NA,Anecic,Aporrectodea dubiosa,Allolobophora dubiosa,NA,NA,NA,NA,NA,Animalia,Annelida,Clitellata,Opisthopora,Crassiclitellata,Lumbricidae,Allolobophora,2,2,2
Allolobophora dugesi,Allol_duge,NA,NA,NA,Anecic,Scherotheca dugesi,Allolobophora dugesi,NA,NA,NA,NA,NA,Animalia,Annelida,Clitellata,Opisthopora,Crassiclitellata,Lumbricidae,Allolobophora,2,2,2
Allobophoridella eiseni,Allol_eise,NA,NA,Epigeic,,,Allolobophoridella eiseni,NA,NA,NA,NA,Epigeic,Animalia,Annelida,Clitellata,Opisthopora,Crassiclitellata,Lumbricidae,Allolobophoridella,105,61,64
Allolobophoridella eiseni,Allol_eise,NA,NA,Epigeic,Epigeic,Allolobophoridella eiseni,Allolobophoridella eiseni,NA,NA,NA,NA,Epigeic,Animalia,Annelida,Clitellata,Opisthopora,Crassiclitellata,Lumbricidae,Allolobophoridella,105,61,64
Allolobophora leoni,Allol_leon,NA,NA,NA,Endogeic,Allolobophora leoni,Allolobophora leoni,NA,NA,NA,NA,NA,Animalia,Annelida,Clitellata,Opisthopora,Crassiclitellata,Lumbricidae,Allolobophora,1,1,1
Allolobophora mehadiensis,Allol_meha,NA,NA,NA,Endogeic,Allolobophora mehadiensis,Allolobophora mehadiensis,NA,NA,NA,NA,NA,Animalia,Annelida,Clitellata,Opisthopora,Crassiclitellata,Lumbricidae,Allolobophora,1,1,1
Allolobophora minuscula,Allol_minu,NA,NA,NA,Endogeic,Murcheiona minuscula,Allolobophora minuscula,NA,NA,NA,NA,NA,Animalia,Annelida,Clitellata,Opisthopora,Crassiclitellata,Lumbricidae,Allolobophora,12,4,4
Allolobophora muldali,Allol_muld,NA,NA,NA,Endogeic,Murcheiona muldali,Allolobophora muldali,44,0,56,Epi-endogeic,Epi-endogeic,Animalia,Annelida,Clitellata,Opisthopora,Crassiclitellata,Lumbricidae,Allolobophora,105,48,54
Allolobophora smaragdina,Allol_smar,NA,NA,NA,Endogeic,Aporrectodea smaragdina,Allolobophora smaragdina,NA,NA,NA,NA,NA,Animalia,Annelida,Clitellata,Opisthopora,Crassiclitellata,Lumbricidae,Allolobophora,27,22,22
Allolobophora sturanyi,Allol_stur,NA,NA,NA,Endogeic,Allolobophora sturanyi,Allolobophora sturanyi,NA,NA,NA,NA,NA,Animalia,Annelida,Clitellata,Opisthopora,Crassiclitellata,Lumbricidae,Allolobophora,2,2,2
Allolobophora sturanyi dacidoides,Allol_stur,NA,NA,Endogeic,Endogeic,Allolobophora sturanyi dacidoides,Allolobophora sturanyi dacidoides,NA,NA,NA,NA,Endogeic,Animalia,Annelida,Clitellata,Opisthopora,Crassiclitellata,Lumbricidae,Allolobophora,2,2,2
Allolobophora thaleri,Allol_thal,NA,NA,NA,N/A,Aporrectodea thaleri,Allolobophora thaleri,NA,NA,NA,NA,NA,Animalia,Annelida,Clitellata,Opisthopora,Crassiclitellata,Lumbricidae,Allolobophora,5,1,1
Amynthas agrestis,Amynt_agre,NA,NA,Epi-Endogeic,Epi-endogeic,Amynthas agrestis,Amynthas agrestis,NA,NA,NA,NA,Epi-Endogeic,Animalia,Annelida,Clitellata,Opisthopora,Crassiclitellata,Megascolecidae,Amynthas,12,1,1
Amynthas corticis,Amynt_cort,NA,NA,Epi-Endogeic,Epi-endogeic,Amynthas corticis,Amynthas corticis,NA,NA,NA,NA,Epi-Endogeic,Animalia,Annelida,Clitellata,Opisthopora,Crassiclitellata,Megascolecidae,Amynthas,15,7,7
Aporrectodea caliginosa,Aporr_cali,NA,NA,Endogeic,Endogeic,Aporrectodea caliginosa,Aporrectodea caliginosa,NA,NA,NA,NA,Endogeic,Animalia,Annelida,Clitellata,Opisthopora,Crassiclitellata,Lumbricidae,Aporrectodea,12469,2361,2554
Aporrectodea cupulifera,Aporr_cupu,NA,NA,Endogeic,Endogeic,Aporrectodea cupulifera,Aporrectodea cupulifera,NA,NA,NA,NA,Endogeic,Animalia,Annelida,Clitellata,Opisthopora,Crassiclitellata,Lumbricidae,Aporrectodea,29,14,15
Aporrectodea dubiosa,Aporr_dubi,NA,NA,Anecic,Anecic,Aporrectodea dubiosa,Aporrectodea dubiosa,NA,NA,NA,NA,Anecic,Animalia,Annelida,Clitellata,Opisthopora,Crassiclitellata,Lumbricidae,Aporrectodea,4,2,2
Aporrectodea georgii,Aporr_geor,NA,NA,NA,Endogeic,Aporrectodea georgii,Aporrectodea georgii,NA,NA,NA,NA,NA,Animalia,Annelida,Clitellata,Opisthopora,Crassiclitellata,Lumbricidae,Aporrectodea,16,8,8
Aporrectodea giardi,Aporr_giar,NA,NA,Anecic,Anecic,Aporrectodea giardi,Aporrectodea giardi,NA,NA,NA,NA,Anecic,Animalia,Annelida,Clitellata,Opisthopora,Crassiclitellata,Lumbricidae,Aporrectodea,10,3,3
Aporrectodea handlirschi,Aporr_hand,NA,NA,NA,Endogeic,Aporrectodea handlirschi,Aporrectodea handlirschi,NA,NA,NA,NA,NA,Animalia,Annelida,Clitellata,Opisthopora,Crassiclitellata,Lumbricidae,Aporrectodea,28,20,20
Aporrectodea icterica,Aporr_icte,NA,NA,Endogeic,Endogeic,Aporrectodea icterica,Aporrectodea icterica,NA,NA,NA,NA,Endogeic,Animalia,Annelida,Clitellata,Opisthopora,Crassiclitellata,Lumbricidae,Aporrectodea,130,31,36
Aporrectodea jassyensis,Aporr_jass,NA,NA,NA,Endogeic,Aporrectodea jassyensis,Aporrectodea jassyensis,NA,NA,NA,NA,NA,Animalia,Annelida,Clitellata,Opisthopora,Crassiclitellata,Lumbricidae,Aporrectodea,7,5,5
Aporrectodea limicola,Aporr_limi,NA,NA,Endogeic,Endogeic,Aporrectodea limicola,Aporrectodea limicola,NA,NA,NA,NA,Endogeic,Animalia,Annelida,Clitellata,Opisthopora,Crassiclitellata,Lumbricidae,Aporrectodea,285,147,151
Aporrectodea longa,Aporr_long,NA,NA,Anecic,Anecic,Aporrectodea longa,Aporrectodea longa,NA,NA,NA,NA,Anecic,Animalia,Annelida,Clitellata,Opisthopora,Crassiclitellata,Lumbricidae,Aporrectodea,2136,826,912
Aporrectodea moebii,Aporr_moeb,NA,NA,Endogeic,,Aporrectodea molleri,Aporrectodea moebii,NA,NA,NA,NA,Endogeic,Animalia,Annelida,Clitellata,Opisthopora,Crassiclitellata,Lumbricidae,Aporrectodea,3,3,3
Aporrectodea molleri,Aporr_moll,NA,NA,Anecic,Endogeic,Aporrectodea molleri,Aporrectodea molleri,NA,NA,NA,NA,Anecic,Animalia,Annelida,Clitellata,Opisthopora,Crassiclitellata,Lumbricidae,Aporrectodea,60,32,33
Aporrectodea nocturna,Aporr_noct,NA,NA,Anecic,Anecic,Aporrectodea nocturna,Aporrectodea nocturna,NA,NA,NA,NA,Anecic,Animalia,Annelida,Clitellata,Opisthopora,Crassiclitellata,Lumbricidae,Aporrectodea,35,28,31
Aporrectodea oerley,Aporr_oerl,NA,NA,NA,,,Aporrectodea,NA,NA,NA,NA,NA,Animalia,Annelida,Clitellata,Opisthopora,Crassiclitellata,Lumbricidae,Aporrectodea,866,113,121
Aporrectodea oliveirae,Aporr_oliv,NA,NA,Epigeic,Epigeic,Aporrectodea oliveirae,Aporrectodea oliveirae,NA,NA,NA,NA,Epigeic,Animalia,Annelida,Clitellata,Opisthopora,Crassiclitellata,Lumbricidae,Aporrectodea,18,15,15
Aporrectodea opisthosellata,Aporr_opis,NA,NA,Anecic,Endogeic,Aporrectodea opisthosellata,Aporrectodea opisthosellata,NA,NA,NA,NA,Anecic,Animalia,Annelida,Clitellata,Opisthopora,Crassiclitellata,Lumbricidae,Aporrectodea,1,1,1
Aporrectodea rosea,Aporr_rose,NA,NA,Endogeic,Endogeic,Aporrectodea rosea,Aporrectodea rosea,NA,NA,NA,NA,Endogeic,Animalia,Annelida,Clitellata,Opisthopora,Crassiclitellata,Lumbricidae,Aporrectodea,9811,1755,1871
Aporrectodea smaragdina,Aporr_smar,NA,NA,NA,Epi-endogeic,Aporrectodea smaragdina,Aporrectodea smaragdina,NA,NA,NA,NA,NA,Animalia,Annelida,Clitellata,Opisthopora,Crassiclitellata,Lumbricidae,Aporrectodea,2,2,2
Aporrectodea thaleri,Aporr_thal,NA,NA,NA,N/A,Aporrectodea thaleri,Aporrectodea thaleri,NA,NA,NA,NA,NA,Animalia,Annelida,Clitellata,Opisthopora,Crassiclitellata,Lumbricidae,Aporrectodea,7,3,3
Aporrectodea trapezoides,Aporr_trap,NA,NA,Anecic,Anecic,Aporrectodea trapezoides,Aporrectodea trapezoides,NA,NA,NA,NA,Anecic,Animalia,Annelida,Clitellata,Opisthopora,Crassiclitellata,Lumbricidae,Aporrectodea,638,12,14
Aporrectodea tuberculata,Aporr_tube,NA,NA,Endogeic,,,Aporrectodea tuberculata,NA,NA,NA,NA,Endogeic,Animalia,Annelida,Clitellata,Opisthopora,Crassiclitellata,Lumbricidae,Aporrectodea,180,8,9
Bimastos eiseni,Bimas_eise,NA,NA,NA,Epigeic,Allolobophoridella eiseni,Bimastos eiseni,NA,NA,NA,NA,NA,Animalia,Annelida,Clitellata,Opisthopora,Crassiclitellata,Lumbricidae,Bimastos,265,134,145
Bimastos parvus,Bimas_parv,NA,NA,Epigeic,Epigeic,Bimastos parvus,Bimastos parvus,NA,NA,NA,NA,Epigeic,Animalia,Annelida,Clitellata,Opisthopora,Crassiclitellata,Lumbricidae,Bimastos,20,1,1
Bimastus parvus,Bimas_parv,NA,NA,NA,,,Bimastus parvus,NA,NA,NA,NA,NA,Animalia,Annelida,Clitellata,Opisthopora,Crassiclitellata,Lumbricidae,Bimastus,20,1,1
Bimastos rubidus,Bimas_rubi,NA,NA,NA,Epigeic,Dendrodrilus rubidus tenuis,Bimastos rubidus,NA,NA,NA,NA,NA,Animalia,Annelida,Clitellata,Opisthopora,Crassiclitellata,Lumbricidae,Bimastos,3033,524,562
Criodrilus lacuum,Criod_lacu,NA,NA,Anecic,Anecic,Criodrilus lacuum,Criodrilus lacuum,NA,NA,NA,NA,Anecic,Animalia,Annelida,Clitellata,Opisthopora,Crassiclitellata,Criodrilidae,Criodrilus,8,8,8
Dendrobaena alpina,Dendr_alpi,NA,NA,NA,Epigeic,Dendrobaena alpina,Dendrobaena alpina,NA,NA,NA,NA,NA,Animalia,Annelida,Clitellata,Opisthopora,Crassiclitellata,Lumbricidae,Dendrobaena,26,8,8
Dendrobaena attemsi,Dendr_atte,NA,NA,Epigeic,Epigeic,Dendrobaena attemsi,Dendrobaena attemsi,83,0,17,Epigeic,Epigeic,Animalia,Annelida,Clitellata,Opisthopora,Crassiclitellata,Lumbricidae,Dendrobaena,389,123,134
Dendrobaena auriculata,Dendr_auri,NA,NA,NA,Epigeic,Dendrobaena auriculata,Dendrobaena auriculata,NA,NA,NA,NA,NA,Animalia,Annelida,Clitellata,Opisthopora,Crassiclitellata,Lumbricidae,Dendrobaena,9,5,5
Dendrobaena byblica,Dendr_bybl,NA,NA,Epigeic,Epigeic,Dendrobaena byblica,Dendrobaena byblica,100,0,0,Epigeic,Epigeic,Animalia,Annelida,Clitellata,Opisthopora,Crassiclitellata,Lumbricidae,Dendrobaena,11,11,11
Dendrobaena clujensis,Dendr_cluj,NA,NA,NA,Anecic,Dendrobaena clujensis,Dendrobaena clujensis,NA,NA,NA,NA,NA,Animalia,Annelida,Clitellata,Opisthopora,Crassiclitellata,Lumbricidae,Dendrobaena,1,1,1
Dendrobaena cognettii,Dendr_cogn,NA,NA,NA,Epigeic,Dendrobaena pygmaea,Dendrobaena cognettii,87,0,13,Epigeic,Epigeic,Animalia,Annelida,Clitellata,Opisthopora,Crassiclitellata,Lumbricidae,Dendrobaena,1,1,1
Dendrobaena franzi,Dendr_fran,NA,NA,Epigeic,Epigeic,Dendrobaena franzi,Dendrobaena franzi,NA,NA,NA,NA,Epigeic,Animalia,Annelida,Clitellata,Opisthopora,Crassiclitellata,Lumbricidae,Dendrobaena,1,1,1
Dendrobaena hortensis,Dendr_hort,NA,NA,Epigeic,Epigeic,Dendrobaena hortensis,Dendrobaena hortensis,NA,NA,NA,NA,Epigeic,Animalia,Annelida,Clitellata,Opisthopora,Crassiclitellata,Lumbricidae,Dendrobaena,79,53,57
Dendrobaena illyrica,Dendr_illy,NA,NA,NA,Epigeic,Dendrobaena illyrica,Dendrobaena illyrica,NA,NA,NA,NA,NA,Animalia,Annelida,Clitellata,Opisthopora,Crassiclitellata,Lumbricidae,Dendrobaena,144,112,117
Dendrobaena illyricus,Dendr_illy,NA,NA,NA,,Dendrobaena illyrica,Dendrobaena illyricus,NA,NA,NA,NA,NA,Animalia,Annelida,Clitellata,Opisthopora,Crassiclitellata,Lumbricidae,Dendrobaena,144,112,117
Dendrobaena lusitana,Dendr_lusi,NA,NA,Epigeic,Epigeic,Dendrobaena lusitana,Dendrobaena lusitana,NA,NA,NA,NA,Epigeic,Animalia,Annelida,Clitellata,Opisthopora,Crassiclitellata,Lumbricidae,Dendrobaena,6,6,6
Dendrobaena octaedra,Dendr_octa,NA,NA,Epigeic,Epigeic,Dendrobaena octaedra,Dendrobaena octaedra,97,0,3,Epigeic,Epigeic,Animalia,Annelida,Clitellata,Opisthopora,Crassiclitellata,Lumbricidae,Dendrobaena,5812,828,891
Dendrobaena pantaleonis,Dendr_pant,NA,NA,Epigeic,Epigeic,Dendrobaena pantaleonis,Dendrobaena pantaleonis,NA,NA,NA,NA,Epigeic,Animalia,Annelida,Clitellata,Opisthopora,Crassiclitellata,Lumbricidae,Dendrobaena,4,3,3
Dendrobaena pygmaea,Dendr_pygm,NA,NA,Epigeic,Epigeic,Dendrobaena pygmaea,Dendrobaena pygmaea,NA,NA,NA,NA,Epigeic,Animalia,Annelida,Clitellata,Opisthopora,Crassiclitellata,Lumbricidae,Dendrobaena,47,39,39
Dendrobaena pygmaea gallurensis,Dendr_pygm,NA,NA,Epigeic,Epigeic,Dendrobaena gallurensis,Dendrobaena pygmaea gallurensis,NA,NA,NA,NA,Epigeic,Animalia,Annelida,Clitellata,Opisthopora,Crassiclitellata,Lumbricidae,Dendrobaena,47,39,39
Dendrodrilus rubidus,Dendr_rubi,NA,NA,Epigeic,Epigeic,Dendrodrilus rubidus,Dendrodrilus rubidus,93,7,0,Epigeic,Epigeic,Animalia,Annelida,Clitellata,Opisthopora,Crassiclitellata,Lumbricidae,Dendrodrilus,875,368,384
Dendrodrilus rubidus subrubicundus,Dendr_rubi,NA,NA,Epigeic,Epigeic,Dendrodrilus rubidus subrubicundus,Dendrodrilus rubidus subrubicundus,93,7,0,Epigeic,Epigeic,Animalia,Annelida,Clitellata,Opisthopora,Crassiclitellata,Lumbricidae,Dendrodrilus,875,368,384
Dendrodrilus rubidus tenuis,Dendr_rubi,NA,NA,Epigeic,Epigeic,Dendrodrilus rubidus tenuis,Dendrodrilus rubidus tenuis,93,7,0,Epigeic,Epigeic,Animalia,Annelida,Clitellata,Opisthopora,Crassiclitellata,Lumbricidae,Dendrodrilus,875,368,384
Dendrobaena schmidti schmidti,Dendr_schm,NA,NA,Endogeic,Endogeic,Dendrobaena schmidti schmidti,Dendrobaena schmidti schmidti,NA,NA,NA,NA,Endogeic,Animalia,Annelida,Clitellata,Opisthopora,Crassiclitellata,Lumbricidae,Dendrobaena,3,1,1
Dendrobaena schmidti tellermanica,Dendr_schm,NA,NA,Endogeic,Endogeic,Dendrobaena schmidti tellermanica,Dendrobaena schmidti tellermanica,NA,NA,NA,NA,Endogeic,Animalia,Annelida,Clitellata,Opisthopora,Crassiclitellata,Lumbricidae,Dendrobaena,3,1,1
Dendrobaena schmidti,Dendr_schm,NA,NA,NA,Endogeic,Dendrobaena schmidti,Dendrobaena schmidti,NA,NA,NA,NA,NA,Animalia,Annelida,Clitellata,Opisthopora,Crassiclitellata,Lumbricidae,Dendrobaena,3,1,1
Dendrobaena vejdovskyi,Dendr_vejd,NA,NA,NA,Epigeic,Dendrobaena vejdovskyi,Dendrobaena vejdovskyi,NA,NA,NA,NA,NA,Animalia,Annelida,Clitellata,Opisthopora,Crassiclitellata,Lumbricidae,Dendrobaena,72,16,16
Dendrobaena veneta,Dendr_vene,NA,NA,Epigeic,Epigeic,Dendrobaena veneta,Dendrobaena veneta,NA,NA,NA,NA,Epigeic,Animalia,Annelida,Clitellata,Opisthopora,Crassiclitellata,Lumbricidae,Dendrobaena,57,39,39
Dichogaster bolaui,Dicho_bola,NA,NA,Epi-Endogeic,Epi-Endogeic,Dichogaster bolaui,Dichogaster bolaui,NA,NA,NA,NA,Epi-Endogeic,Animalia,Annelida,Clitellata,Opisthopora,Crassiclitellata,Acanthodrilidae,Dichogaster,10,2,2
Eisenia andrei,Eisen_andr,NA,NA,Epigeic,Epigeic,Eisenia andrei,Eisenia andrei,94,3,3,Epigeic,Epigeic,Animalia,Annelida,Clitellata,Opisthopora,Crassiclitellata,Lumbricidae,Eisenia,33,23,23
Eisenia balatonica,Eisen_bala,NA,NA,NA,Epigeic,Eisenia balatonica,Eisenia balatonica,NA,NA,NA,NA,NA,Animalia,Annelida,Clitellata,Opisthopora,Crassiclitellata,Lumbricidae,Eisenia,1,1,1
Eiseniella balatonica,Eisen_bala,NA,NA,NA,,Eisenia balatonica,Eiseniella balatonica,NA,NA,NA,NA,NA,Animalia,Annelida,Clitellata,Opisthopora,Crassiclitellata,Lumbricidae,Eiseniella,1,1,1
Eisenia fetida,Eisen_feti,NA,NA,Epigeic,Epigeic,Eisenia fetida,Eisenia fetida,93,4,3,Epigeic,Epigeic,Animalia,Annelida,Clitellata,Opisthopora,Crassiclitellata,Lumbricidae,Eisenia,585,269,277
Eiseniona hardlirschi,Eisen_hand,NA,Family from GBIF,Endogeic,Endogeic,Aporrectodea handlirschi,Eiseniona handlirschi,NA,NA,NA,NA,Endogeic,Animalia,Annelida,Clitellata,Opisthopora,Crassiclitellata,Lumbricidae,Eiseniona,13,4,6
Eisenia lucens,Eisen_luce,NA,NA,Epigeic,Epigeic,Eisenia lucens,Eisenia lucens,NA,NA,NA,NA,Epigeic,Animalia,Annelida,Clitellata,Opisthopora,Crassiclitellata,Lumbricidae,Eisenia,14,5,5
Eisenia nordenskioldi,Eisen_nord,NA,NA,NA,Epi-Endogeic,Eisenia nordenskioldi,Eisenia nordenskioldi,NA,NA,NA,NA,NA,Animalia,Annelida,Clitellata,Opisthopora,Crassiclitellata,Lumbricidae,Eisenia,59,3,3
Eisenia nordenskioldi nordenskioldi,Eisen_nord,NA,NA,Epi-Endogeic,Epi-Endogeic,Eisenia nordenskioldi,Eisenia nordenskioldi nordenskioldi,NA,NA,NA,NA,Epi-Endogeic,Animalia,Annelida,Clitellata,Opisthopora,Crassiclitellata,Lumbricidae,Eisenia,59,3,3
Eisenia spelaea,Eisen_spel,NA,NA,NA,Epigeic,Eisenia spelaea,Eisenia spelaea,NA,NA,NA,NA,NA,Animalia,Annelida,Clitellata,Opisthopora,Crassiclitellata,Lumbricidae,Eisenia,2,1,1
Eisenia spelea,Eisen_spel,NA,NA,NA,,,Eisenia spelea,NA,NA,NA,NA,NA,Animalia,Annelida,Clitellata,Opisthopora,Crassiclitellata,Lumbricidae,Eisenia,2,1,1
Eisenia submontana,Eisen_subm,NA,NA,NA,,,Eisenia submontana,NA,NA,NA,NA,NA,Animalia,Annelida,Clitellata,Opisthopora,Crassiclitellata,Lumbricidae,Eisenia,2,2,2
Eiseniella tetraedra,Eisen_tetr,NA,NA,Epigeic,Epigeic,Eiseniella tetraedra,Eiseniella tetraedra,78,22,0,Epigeic,Epigeic,Animalia,Annelida,Clitellata,Opisthopora,Crassiclitellata,Lumbricidae,Eiseniella,11359,5283,5613
Enterion cyaneum,Enter_cyan,NA,Family from GBIF,NA,,Octolasion cyaneum,Enterion cyaneum,NA,NA,NA,NA,NA,Animalia,Annelida,Clitellata,Opisthopora,Crassiclitellata,Lumbricidae,Enterion,559,340,358
Enterion festivum,Enter_fest,NA,Family from GBIF,NA,,Lumbricus festivus,Enterion festivum,NA,NA,NA,NA,NA,Animalia,Annelida,Clitellata,Opisthopora,Crassiclitellata,Lumbricidae,Enterion,213,130,137
Enterion polyphemus,Enter_poly,NA,Family from GBIF,NA,,Lumbricus polyphemus,Enterion polyphemus,NA,NA,NA,NA,NA,Animalia,Annelida,Clitellata,Opisthopora,Crassiclitellata,Lumbricidae,Enterion,12,7,7
Enterion pygmaeum,Enter_pygm,NA,Family from GBIF,NA,,Dendrobaena pygmaea,Enterion pygmaeum,NA,NA,NA,NA,NA,Animalia,Annelida,Clitellata,Opisthopora,Crassiclitellata,Lumbricidae,Enterion,10,8,9
Enterion tyrtaeum,Enter_tyrt,NA,Family from GBIF,NA,,Octolasion tyrtaeum,Enterion tyrtaeum,NA,NA,NA,NA,NA,Animalia,Annelida,Clitellata,Opisthopora,Crassiclitellata,Lumbricidae,Enterion,447,192,193
Eophila icterica,Eophi_icte,NA,,NA,,Aporrectodea icterica,Eophila icterica,NA,NA,NA,NA,NA,Animalia,Annelida,Clitellata,Opisthopora,Crassiclitellata,Lumbricidae,Eophila,88,48,49
Eophila tellinii,Eophi_tell,NA,NA,NA,Anecic,Eophila tellinii,Eophila tellinii,NA,NA,NA,NA,NA,Animalia,Annelida,Clitellata,Opisthopora,Crassiclitellata,Lumbricidae,Eophila,9,4,4
Eukerria saltensis,Euker_salt,NA,NA,Endogeic,Endogeic,Eukerria saltensis,Eukerria saltensis,NA,NA,NA,NA,Endogeic,Animalia,Annelida,Clitellata,Opisthopora,Crassiclitellata,Ocnerodrilidae,Eukerria,4,4,4
Firzingeria depressa,Firzi_depr,NA,NA,Anecic,Anecic,Dendrobaena depressa,NA,NA,NA,NA,NA,Anecic,Animalia,Annelida,Clitellata,Opisthopora,Crassiclitellata,Lumbricidae,Fitzingeria,10,6,6
Firzingeria platyura,Fitzi_plat,NA,NA,Anecic,Anecic,Dendrobaena platyura,Fitzingeria platyura,NA,NA,NA,NA,Anecic,Animalia,Annelida,Clitellata,Opisthopora,Crassiclitellata,Lumbricidae,Fitzingeria,4,2,3
Helodrilus moebii,Helod_moeb,NA,NA,NA,,,Helodrilus moebii,NA,NA,NA,NA,NA,Animalia,Annelida,Clitellata,Opisthopora,Crassiclitellata,Lumbricidae,Helodrilus,1,1,1
Helodrilus norvegicus,Helod_norv,NA,NA,NA,,,Helodrilus norvegicus,NA,NA,NA,NA,NA,Animalia,Annelida,Clitellata,Opisthopora,Crassiclitellata,Lumbricidae,Helodrilus,1,1,1
Helodrilus oculatus,Helod_ocul,NA,NA,Epi-Endogeic,Epi-Endogeic,Helodrilus oculatus,Helodrilus oculatus,NA,NA,NA,NA,Epi-Endogeic,Animalia,Annelida,Clitellata,Opisthopora,Crassiclitellata,Lumbricidae,Helodrilus,26,19,19
Helodrilus putris,Helod_putr,NA,NA,NA,,,Helodrilus,NA,NA,NA,NA,NA,Animalia,Annelida,Clitellata,Opisthopora,Crassiclitellata,Lumbricidae,Helodrilus,1,1,1
Hemigastrodrilus monicae,Hemig_moni,NA,NA,NA,Endogeic,Hemigastrodrilus monicae,Hemigastrodrilus monicae,0,0,100,Endogeic,Endogeic,Animalia,Annelida,Clitellata,Opisthopora,Crassiclitellata,Hormogastridae,Hemigastrodrilus,1,1,1
Hormogaster elisae,Hormo_elis,NA,NA,Endogeic,Endogeic,Hormogaster elisae,Hormogaster elisae,NA,NA,NA,NA,Endogeic,Animalia,Annelida,Clitellata,Opisthopora,Crassiclitellata,Hormogastridae,Hormogaster,24,1,1
Hormogaster najaformis,Hormo_naja,NA,NA,NA,Endogeic,Hormogaster najaformis,Hormogaster najaformis,NA,NA,NA,NA,NA,Animalia,Annelida,Clitellata,Opisthopora,Crassiclitellata,Hormogastridae,Hormogaster,1,1,1
Hormogaster riojana,Hormo_rioj,NA,NA,NA,Endogeic,Hormogaster riojana,Hormogaster riojana,NA,NA,NA,NA,NA,Animalia,Annelida,Clitellata,Opisthopora,Crassiclitellata,Hormogastridae,Hormogaster,1,1,1
Hormogaster samnitica,Hormo_samn,NA,NA,NA,Endogeic,Hormogaster samnitica,Hormogaster samnitica,NA,NA,NA,NA,NA,Animalia,Annelida,Clitellata,Opisthopora,Crassiclitellata,Hormogastridae,Hormogaster,1,1,1
Lumbricus badensis,Lumbr_bade,NA,NA,NA,Anecic,Lumbricus badensis,Lumbricus badensis,NA,NA,NA,NA,NA,Animalia,Annelida,Clitellata,Opisthopora,Crassiclitellata,Lumbricidae,Lumbricus,8,6,7
Lumbricus baicalensis,Lumbr_baic,NA,NA,NA,Epigeic,Lumbricus baicalensis,Lumbricus baicalensis,NA,NA,NA,NA,NA,Animalia,Annelida,Clitellata,Opisthopora,Crassiclitellata,Lumbricidae,Lumbricus,1,1,1
Lumbricus castaneus,Lumbr_cast,NA,NA,Epigeic,Epigeic,Lumbricus castaneus,Lumbricus castaneus,90,10,0,Epigeic,Epigeic,Animalia,Annelida,Clitellata,Opisthopora,Crassiclitellata,Lumbricidae,Lumbricus,2551,1067,1138
Lumbricus centralis,Lumbr_cent,NA,NA,NA,Epi-anecic,Lumbricus centralis,Lumbricus centralis,34,66,0,Epi-anecic,Epi-anecic,Animalia,Annelida,Clitellata,Opisthopora,Crassiclitellata,Lumbricidae,Lumbricus,7,2,2
Lumbricus festivus,Lumbr_fest,NA,NA,Anecic,Epi-anecic,Lumbricus festivus,Lumbricus festivus,66,34,0,Epi-anecic,Epi-anecic,Animalia,Annelida,Clitellata,Opisthopora,Crassiclitellata,Lumbricidae,Lumbricus,103,49,49
Lumbricus friendi,Lumbr_frie,NA,NA,Anecic,Anecic,Lumbricus friendi,Lumbricus friendi,34,66,0,Epi-anecic,Epi-anecic,Animalia,Annelida,Clitellata,Opisthopora,Crassiclitellata,Lumbricidae,Lumbricus,68,40,40
Lumbricus herculeus,Lumbr_herc,NA,NA,NA,Anecic,Lumbricus herculeus,Lumbricus herculeus,34,66,0,Epi-anecic,Epi-anecic,Animalia,Annelida,Clitellata,Opisthopora,Crassiclitellata,Lumbricidae,Lumbricus,69,19,20
Lumbricus klarae,Lumbr_klar,NA,NA,NA,Epigeic,Lumbricus klarae,Lumbricus klarae,NA,NA,NA,NA,NA,Animalia,Annelida,Clitellata,Opisthopora,Crassiclitellata,Lumbricidae,Lumbricus,1,1,1
Lumbricus lucens,Lumbr_luce,NA,NA,NA,,Esienia lucens,Lumbricus lucens,NA,NA,NA,NA,NA,Animalia,Annelida,Clitellata,Opisthopora,Crassiclitellata,Lumbricidae,Lumbricus,7,3,3
Lumbricus meliboeus,Lumbr_meli,NA,NA,Anecic,Epi-anecic,Lumbricus meliboeus,Lumbricus meliboeus,64,36,0,Epi-anecic,Epi-anecic,Animalia,Annelida,Clitellata,Opisthopora,Crassiclitellata,Lumbricidae,Lumbricus,10,9,9
Lumbricus polyphemus,Lumbr_poly,NA,NA,Anecic,Anecic,Lumbricus polyphemus,Lumbricus polyphemus,NA,NA,NA,NA,Anecic,Animalia,Annelida,Clitellata,Opisthopora,Crassiclitellata,Lumbricidae,Lumbricus,51,24,27
Lumbricus rubellus,Lumbr_rube,NA,NA,Epigeic,Epigeic,Lumbricus rubellus,Lumbricus rubellus,85,15,0,Epigeic,Epigeic,Animalia,Annelida,Clitellata,Opisthopora,Crassiclitellata,Lumbricidae,Lumbricus,8336,2114,2280
Lumbricus terrestris,Lumbr_terr,NA,NA,Anecic,Anecic,Lumbricus terrestris,Lumbricus terrestris,NA,NA,NA,NA,Anecic,Animalia,Annelida,Clitellata,Opisthopora,Crassiclitellata,Lumbricidae,Lumbricus,6146,2035,2175
Metaphire kiengiangensis,Metap_kien,NA,NA,NA,Endogeic,Metaphire kiengiangensis,Metaphire kiengiangensis,NA,NA,NA,NA,NA,Animalia,Annelida,Clitellata,Opisthopora,Crassiclitellata,Megascolecidae,Metaphire,1,1,1
Microscolex dubius,Micro_dubi,NA,NA,Epi-Endogeic,Epi-Endogeic,Microscolex dubius,Microscolex dubius,30,0,70,Epi-endogeic,Epi-endogeic,Animalia,Annelida,Clitellata,Opisthopora,Crassiclitellata,Acanthodrilidae,Microscolex,271,18,18
Microscolex phosphoreus,Micro_phos,NA,NA,Endogeic,Endogeic,Microscolex phosphoreus,Microscolex phosphoreus,29,0,71,Epi-endogeic,Epi-endogeic,Animalia,Annelida,Clitellata,Opisthopora,Crassiclitellata,Acanthodrilidae,Microscolex,196,34,34
Murchieona minuscula,Murch_minu,NA,NA,NA,Endogeic,Murchieona minuscula,Murchieona minuscula,NA,NA,NA,NA,NA,Animalia,Annelida,Clitellata,Opisthopora,Crassiclitellata,Lumbricidae,Murchieona,14,5,5
Murchieona muldali,Murch_muld,NA,NA,Endogeic,Endogeic,Murchieona muldali,Murchieona muldali,NA,NA,NA,NA,Endogeic,Animalia,Annelida,Clitellata,Opisthopora,Crassiclitellata,Lumbricidae,Murchieona,40,17,17
Ocnerodrilus occidentalis,Ocner_occi,NA,NA,Endogeic,Endogeic,Ocnerodrilus occidentalis,Ocnerodrilus occidentalis,NA,NA,NA,NA,Endogeic,Animalia,Annelida,Clitellata,Opisthopora,Crassiclitellata,Ocnerodrilidae,Ocnerodrilus,3,3,3
Octodrilus argoviensis,Octod_argo,NA,NA,Epigeic,Epigeic,Octodrilus argoviensis,Octodrilus argoviensis,NA,NA,NA,NA,Epigeic,Animalia,Annelida,Clitellata,Opisthopora,Crassiclitellata,Lumbricidae,Octodrilus,22,12,12
Octodrilus bretscheri,Octod_bret,NA,NA,NA,Endogeic,Octodrilus bretscheri,Octodrilus bretscheri,NA,NA,NA,NA,NA,Animalia,Annelida,Clitellata,Opisthopora,Crassiclitellata,Lumbricidae,Octodrilus,2,2,2
Octodrilus complanatus,Octod_comp,NA,NA,Anecic,Anecic,Octodrilus complanatus,Octodrilus complanatus,4,75,21,Anecic,Anecic,Animalia,Annelida,Clitellata,Opisthopora,Crassiclitellata,Lumbricidae,Octodrilus,33,30,30
Octodrilus compromissus,Octod_comp,NA,NA,NA,Endogeic,Octodrilus compromissus,Octodrilus compromissus,4,75,21,Anecic,Anecic,Animalia,Annelida,Clitellata,Opisthopora,Crassiclitellata,Lumbricidae,Octodrilus,33,30,30
Octodriloides damianii,Octod_dami,NA,NA,Endogeic,Endogeic,Octodriloides damianii,Octodriloides damianii,NA,NA,NA,NA,Endogeic,Animalia,Annelida,Clitellata,Opisthopora,Crassiclitellata,Lumbricidae,Octodriloides,2,2,2
Octodrilus exacystis,Octod_exac,NA,NA,NA,Endogeic,Octodrilus exacystis,Octodrilus exacystis,NA,NA,NA,NA,NA,Animalia,Annelida,Clitellata,Opisthopora,Crassiclitellata,Lumbricidae,Octodrilus,2,2,2
Octodrilus juvyi,Octod_juvy,NA,NA,NA,Epigeic,Octodrilus juvyi,Octodrilus juvyi,NA,NA,NA,NA,NA,Animalia,Annelida,Clitellata,Opisthopora,Crassiclitellata,Lumbricidae,Octodrilus,4,2,4
Octodrilus lissaensis,Octod_liss,NA,NA,Endogeic,Endogeic,Octodrilus lissaensis,Octodrilus lissaensis,NA,NA,NA,NA,Endogeic,Animalia,Annelida,Clitellata,Opisthopora,Crassiclitellata,Lumbricidae,Octodrilus,1,1,1
Octodrilus mimus,Octod_mimu,NA,NA,NA,Anecic,Octodrilus mimus,Octodrilus mimus,NA,NA,NA,NA,NA,Animalia,Annelida,Clitellata,Opisthopora,Crassiclitellata,Lumbricidae,Octodrilus,2,1,1
Octodrilus transpadanus,Octod_tran,NA,NA,Endogeic,Endogeic,Octodrilus transpadanus,Octodrilus transpadanus,NA,NA,NA,NA,Endogeic,Animalia,Annelida,Clitellata,Opisthopora,Crassiclitellata,Lumbricidae,Octodrilus,13,10,10
Octolasion cyaneum,Octol_cyan,NA,NA,Endogeic,Endogeic,Octolasion cyaneum,Octolasion cyaneum,21,24,55,Intermediate,Intermediate,Animalia,Annelida,Clitellata,Opisthopora,Crassiclitellata,Lumbricidae,Octolasion,478,158,168
Octolasion lacteum,Octol_lact,NA,NA,Endogeic,Endogeic,Octolasion lacteum,Octolasion lacteum,14,20,66,Endo-anecic,Endo-anecic,Animalia,Annelida,Clitellata,Opisthopora,Crassiclitellata,Lumbricidae,Octolasion,2845,288,315
Octolasion oerley,Octol_oerl,NA,NA,NA,,,Octolasion,NA,NA,NA,NA,NA,Animalia,Annelida,Clitellata,Opisthopora,Crassiclitellata,Lumbricidae,Octolasion,426,87,94
Octolasion tyrtaeum,Octol_tyrt,NA,NA,Epi-Endogeic,Epi-Endogeic,Octolasion tyrtaeum,Octolasion tyrtaeum,NA,NA,NA,NA,Epi-Endogeic,Animalia,Annelida,Clitellata,Opisthopora,Crassiclitellata,Lumbricidae,Octolasion,1610,435,444
Perelia gestroi,Perel_gest,NA,NA,NA,Anecic,Perelia gestroi,Perelia gestroi,NA,NA,NA,NA,NA,Animalia,Annelida,Clitellata,Opisthopora,Crassiclitellata,Lumbricidae,Perelia,19,6,7
Perichaeta morrisi,Peric_morr,NA,Family from GBIF,NA,Epi-Endogeic,Amynthas morrisi,Perichaeta morrisi,NA,NA,NA,NA,NA,Animalia,Annelida,Clitellata,Opisthopora,Crassiclitellata,Megascolecidae,Perichaeta,1,1,1
Proctodrilus antipae,Proct_anti,NA,NA,Endogeic,,Proctodrilus antipai,Proctodrilus antipae,NA,NA,NA,NA,Endogeic,Animalia,Annelida,Clitellata,Opisthopora,Crassiclitellata,Lumbricidae,Proctodrilus,97,40,40
Proctodrilus antipai,Proct_anti,NA,NA,NA,Endogeic,Proctodrilus antipai,Proctodrilus antipai,NA,NA,NA,NA,NA,Animalia,Annelida,Clitellata,Opisthopora,Crassiclitellata,Lumbricidae,Proctodrilus,97,40,40
Proctodrilus tuberculatus,Proct_tube,NA,NA,Endogeic,Endogeic,Proctodrilus tuberculatus,Proctodrilus tuberculatus,NA,NA,NA,NA,Endogeic,Animalia,Annelida,Clitellata,Opisthopora,Crassiclitellata,Lumbricidae,Proctodrilus,45,21,23
Prosellodrilus albus,Prose_albu,NA,NA,NA,Endogeic,Prosellodrilus albus,Prosellodrilus albus,NA,NA,NA,NA,NA,Animalia,Annelida,Clitellata,Opisthopora,Crassiclitellata,Lumbricidae,Prosellodrilus,2,1,1
Prosellodrilus amplisetosus,Prose_ampl,NA,NA,NA,Endogeic,Prosellodrilus amplisetosus,Prosellodrilus amplisetosus,NA,NA,NA,NA,NA,Animalia,Annelida,Clitellata,Opisthopora,Crassiclitellata,Lumbricidae,Prosellodrilus,6,2,2
Prosellodrilus amplisetosus amplisetosus,Prose_ampl,NA,NA,Endogeic,Endogeic,Prosellodrilus amplisetosus,Prosellodrilus amplisetosus amplisetosus,NA,NA,NA,NA,Endogeic,Animalia,Annelida,Clitellata,Opisthopora,Crassiclitellata,Lumbricidae,Prosellodrilus,6,2,2
Prosellodrilus praticola,Prose_prat,NA,NA,Endogeic,Endogeic,Prosellodrilus praticola,Prosellodrilus praticola,0,0,100,Endogeic,Endogeic,Animalia,Annelida,Clitellata,Opisthopora,Crassiclitellata,Lumbricidae,Prosellodrilus,9,3,3
Satchellius alvaradoi,Satch_alva,NA,NA,Epigeic,Epigeic,Satchellius alvaradoi,Satchellius alvaradoi,NA,NA,NA,NA,Epigeic,Animalia,Annelida,Clitellata,Opisthopora,Crassiclitellata,Lumbricidae,Satchellius,1,1,1
Satchellius madeirensis,Satch_made,NA,NA,Epi-Endogeic,Epi-Endogeic,Satchellius madeirensis,Satchellius madeirensis,NA,NA,NA,NA,Epi-Endogeic,Animalia,Annelida,Clitellata,Opisthopora,Crassiclitellata,Lumbricidae,Satchellius,28,20,20
Satchellius mammalis,Satch_mamm,NA,NA,Epigeic,Epigeic,Satchellius mammalis,Satchellius mammalis,NA,NA,NA,NA,Epigeic,Animalia,Annelida,Clitellata,Opisthopora,Crassiclitellata,Lumbricidae,Satchellius,413,204,221
Scherotheca aquitania,Scher_aqui,NA,NA,Anecic,Anecic,Scherotheca aquitania,Scherotheca aquitania,0,94,6,Anecic,Anecic,Animalia,Annelida,Clitellata,Opisthopora,Crassiclitellata,Lumbricidae,Scherotheca,19,7,7
Scherotheca hexatheca,Scher_hexa,NA,NA,NA,Endogeic,Scherotheca corsicana?,Scherotheca hexatheca,NA,NA,NA,NA,NA,Animalia,Annelida,Clitellata,Opisthopora,Crassiclitellata,Lumbricidae,Scherotheca,1,1,1
Scherotheca targionii,Scher_targ,NA,NA,Anecic,Anecic,Scherotheca targionii,Scherotheca targionii,NA,NA,NA,NA,Anecic,Animalia,Annelida,Clitellata,Opisthopora,Crassiclitellata,Lumbricidae,Scherotheca,5,3,4
Sparganophilus tamesis,Sparg_tame,NA,NA,NA,Epigeic?,Sparganophilus tamesis,Sparganophilus tamesis,NA,NA,NA,NA,NA,Animalia,Annelida,Clitellata,Opisthopora,Crassiclitellata,Sparganophilidae,Sparganophilus,4,1,1
Vignysa popi,Vigny_popi,NA,NA,NA,Endogeic,Vignysa popi,Vignysa popi,0,4,96,Endogeic,Endogeic,Animalia,Annelida,Clitellata,Opisthopora,Crassiclitellata,Hormogastridae,Vignysa,1,1,1
Xana omodeoi,Xana_omod,NA,NA,NA,Endogeic,Xanina omodeoi,Xana omodeoi,NA,NA,NA,NA,NA,Animalia,Annelida,Clitellata,Opisthopora,Crassiclitellata,Hormogastridae,Xana,1,1,1
Zophoscolex chitae,Zopho_chit,NA,NA,Endogeic,Endogeic,Zophoscolex chitae,Zophoscolex chitae,NA,NA,NA,NA,Endogeic,Animalia,Annelida,Clitellata,Opisthopora,Crassiclitellata,Lumbricidae,Zophoscolex,1,1,1
Zophoscolex ibericus,Zopho_iber,NA,NA,Endogeic,Endogeic,Zophoscolex ibericus,Zophoscolex ibericus,NA,NA,NA,NA,Endogeic,Animalia,Annelida,Clitellata,Opisthopora,Crassiclitellata,Lumbricidae,Zophoscolex,44,2,2
