Group_name,Species,SpeciesID,Fct_group,Comment,Ecogroup_Phillips,Acc_name,Species_Briones,Ecogroup_Briones,Species_final,Genus,Percent_Epigeic,Percent_Anecic,Percent_Endogeic,Ecogroup_Bottinelli,Ecogroup
Earthworms,Agastrodrilus multivesiculatus,Agast_mult,NA,NA,Endogeic,Agastrodrilus multivesiculatus,NA,NA,Agastrodrilus multivesiculatus,Agastrodrilus,NA,NA,NA,NA,Endogeic
Earthworms,Ailoscolex lacteospumosus,Ailos_lact,NA,NA,NA,Ailoscolex lacteospumosus,Ailoscolex lacteospumosus,Endogeic,Ailoscolex lacteospumosus,Ailoscolex,0,0,100,Endogeic,Endogeic
Earthworms,Allolobophora antipae,Proct_anti,NA,NA,NA,Allolobophora,Proctodrilus antipai,Endogeic,Proctodrilus antipai,Proctodrilus,NA,NA,NA,NA,Endogeic
Earthworms,Allolobophora altimontana,Allol_alti,NA,NA,NA,Allolobophora altimontana,NA,NA,Allolobophora altimontana,Allolobophora,NA,NA,NA,NA,NA
Earthworms,Allolobophora biserialis,Allol_bise,NA,NA,NA,Allolobophora biserialis,NA,NA,Allolobophora biserialis,Allolobophora,NA,NA,NA,NA,NA
Earthworms,Allolobophora carpathica,Aporr_carp,NA,NA,Anecic,Allolobophora carpathica,Aporrectodea carpathica,Anecic,Aporrectodea carpathica,Aporrectodea,NA,NA,NA,NA,Anecic
Earthworms,Allolobophora carpatica,Allol_carp,NA,NA,NA,Allolobophora carpatica,NA,NA,Allolobophora carpatica,Allolobophora,NA,NA,NA,NA,NA
Earthworms,Allolobophora cernosvitoviana,Allol_cern,NA,NA,NA,Allolobophora cernosvitoviana,NA,NA,Allolobophora cernosvitoviana,Allolobophora,NA,NA,NA,NA,NA
Earthworms,Allolobophora chlorotica,Allol_chlo,NA,NA,Epi-Endogeic,Allolobophora chlorotica,Allolobophora chlorotica,Epi-endogeic,Allolobophora chlorotica,Allolobophora,20.66666667,21.66666667,57.66666667,Intermediate,Epi-endogeic
Earthworms,Allolobophora cupulifera,Aporr_cupu,NA,NA,NA,Allolobophora cupulifera,Aporrectodea cupulifera,Endogeic,Aporrectodea cupulifera,Aporrectodea,NA,NA,NA,NA,Endogeic
Earthworms,Allolobophora cyrnea,Scher_cors,NA,NA,NA,Allolobophora cyrnea,Scherotheca corsicana?,Endo-Anecic,Scherotheca corsicana?,Scherotheca,NA,NA,NA,NA,Endo-Anecic
Earthworms,Allolobophora dacica,Allol_daci,NA,NA,NA,Allolobophora dacica,NA,NA,Allolobophora dacica,Allolobophora,NA,NA,NA,NA,NA
Earthworms,Allolobophora dubiosa,Aporr_dubi,NA,NA,NA,Allolobophora dubiosa,Aporrectodea dubiosa,Anecic,Aporrectodea dubiosa,Aporrectodea,NA,NA,NA,NA,Anecic
Earthworms,Allolobophora dugesi,Scher_duge,NA,NA,NA,Allolobophora dugesi,Scherotheca dugesi,Anecic,Scherotheca dugesi,Scherotheca,NA,NA,NA,NA,Anecic
Earthworms,Allolobophora exacystis,Allol_exac,NA,NA,NA,Allolobophora exacystis,NA,NA,Allolobophora exacystis,Allolobophora,NA,NA,NA,NA,NA
Earthworms,Allolobophora gestroides,Allol_gest,NA,NA,NA,Allolobophora gestroides,NA,NA,Allolobophora gestroides,Allolobophora,NA,NA,NA,NA,NA
Earthworms,Allolobophora giardi,Allol_giar,NA,NA,NA,Allolobophora giardi,NA,NA,Allolobophora giardi,Allolobophora,NA,NA,NA,NA,NA
Earthworms,Allolobophora hispanica,Allol_hisp,NA,NA,NA,Allolobophora hispanica,NA,NA,Allolobophora hispanica,Allolobophora,NA,NA,NA,NA,NA
Earthworms,Allolobophora leoni,Allol_leon,NA,NA,NA,Allolobophora leoni,Allolobophora leoni,Endogeic,Allolobophora leoni,Allolobophora,NA,NA,NA,NA,Endogeic
Earthworms,Allolobophora mehadiensis,Allol_meha,NA,NA,NA,Allolobophora mehadiensis,Allolobophora mehadiensis,Endogeic,Allolobophora mehadiensis,Allolobophora,NA,NA,NA,NA,Endogeic
Earthworms,Allolobophora minuscula,Murch_minu,NA,NA,NA,Allolobophora minuscula,Murcheiona minuscula,Endogeic,Murcheiona minuscula,Murcheiona,NA,NA,NA,NA,Endogeic
Earthworms,Allolobophora molleri,Allol_moll,NA,NA,NA,Allolobophora molleri,NA,NA,Allolobophora molleri,Allolobophora,NA,NA,NA,NA,NA
Earthworms,Allolobophora morenoe,Allol_more,NA,NA,NA,Allolobophora morenoe,NA,NA,Allolobophora morenoe,Allolobophora,NA,NA,NA,NA,NA
Earthworms,Allolobophora muldali,Murch_muld,NA,NA,NA,Allolobophora muldali,Murcheiona muldali,Endogeic,Murcheiona muldali,Murcheiona,NA,NA,NA,NA,Endogeic
Earthworms,Allolobophora oculata,Allol_ocul,NA,NA,NA,Allolobophora oculata,NA,NA,Allolobophora oculata,Allolobophora,15,0,85,Endogeic,Endogeic
Earthworms,Allolobophora parva,Allol_parv,NA,NA,NA,Allolobophora parva,NA,NA,Allolobophora parva,Allolobophora,NA,NA,NA,NA,NA
Earthworms,Allolobophora robusta,Allol_robu,NA,NA,NA,Allolobophora robusta,NA,NA,Allolobophora robusta,Allolobophora,NA,NA,NA,NA,NA
Earthworms,Allolobophora satchelli,Allol_satc,NA,NA,NA,Allolobophora satchelli,NA,NA,Allolobophora satchelli,Allolobophora,19,0,81,Endogeic,Endogeic
Earthworms,Allolobophora smaragdina,Aporr_smar,NA,NA,NA,Allolobophora smaragdina,Aporrectodea smaragdina,Endogeic,Aporrectodea smaragdina,Aporrectodea,NA,NA,NA,NA,Endogeic
Earthworms,Allolobophora sturanyi,Allol_stur,NA,NA,NA,Allolobophora sturanyi,Allolobophora sturanyi,Endogeic,Allolobophora sturanyi,Allolobophora,NA,NA,NA,NA,Endogeic
Earthworms,Allolobophora sturanyi dacidoides,Allol_stur,NA,NA,Endogeic,Allolobophora sturanyi dacidoides,Allolobophora sturanyi dacidoides,Endogeic,Allolobophora sturanyi dacidoides,Allolobophora,NA,NA,NA,NA,Endogeic
Earthworms,Allolobophora terrestris,Allol_terr,NA,NA,NA,Allolobophora terrestris,NA,NA,Allolobophora terrestris,Allolobophora,NA,NA,NA,NA,NA
Earthworms,Allolobophora thaleri,Aporr_thal,NA,NA,NA,Allolobophora thaleri,Aporrectodea thaleri,N/A,Aporrectodea thaleri,Aporrectodea,NA,NA,NA,NA,N/A
Earthworms,Allobophoridella eiseni,Allol_eise,NA,NA,Epigeic,Allolobophoridella eiseni,NA,NA,Allolobophoridella eiseni,Allolobophoridella,NA,NA,NA,NA,Epigeic
Earthworms,Allolobophoridella eiseni,Allol_eise,NA,NA,Epigeic,Allolobophoridella eiseni,Allolobophoridella eiseni,Epigeic,Allolobophoridella eiseni,Allolobophoridella,NA,NA,NA,NA,Epigeic
Earthworms,Allurus neapolitanus,Allur_neap,NA,NA,NA,Allurus neapolitanus,NA,NA,Allurus neapolitanus,Allurus,NA,NA,NA,NA,NA
Earthworms,Amynthas agrestis,Amynt_agre,NA,NA,Epi-Endogeic,Amynthas agrestis,Amynthas agrestis,Epi-endogeic,Amynthas agrestis,Amynthas,NA,NA,NA,NA,Epi-endogeic
Earthworms,Amynthas aspergillum,Amynt_aspe,NA,NA,Anecic,Amynthas aspergillum,NA,NA,Amynthas aspergillum,Amynthas,NA,NA,NA,NA,Anecic
Earthworms,Amynthas corticis,Amynt_cort,NA,NA,Epi-Endogeic,Amynthas corticis,Amynthas corticis,Epi-endogeic,Amynthas corticis,Amynthas,NA,NA,NA,NA,Epi-endogeic
Earthworms,Amynthas gracilis,Amynt_grac,NA,NA,Epi-Endogeic,Amynthas gracilis,NA,NA,Amynthas gracilis,Amynthas,NA,NA,NA,NA,Epi-Endogeic
Earthworms,Amynthas heterochaetus,Amynt_hete,NA,NA,NA,Amynthas heterochaetus,NA,NA,Amynthas heterochaetus,Amynthas,NA,NA,NA,NA,NA
Earthworms,Amynthas hupeiensis,Amynt_hupe,NA,NA,Endogeic,Amynthas hupeiensis,NA,NA,Amynthas hupeiensis,Amynthas,NA,NA,NA,NA,Endogeic
Earthworms,Amynthas mediocus,Amynt_medi,NA,NA,NA,Amynthas mediocus,NA,NA,Amynthas mediocus,Amynthas,NA,NA,NA,NA,NA
Earthworms,Amynthas minimus,Amynt_mini,NA,NA,Endogeic,Amynthas minimus,NA,NA,Amynthas minimus,Amynthas,NA,NA,NA,NA,Endogeic
Earthworms,Amynthas morrisi,Amynt_morr,NA,NA,Epi-Endogeic,Amynthas morrisi,NA,NA,Amynthas morrisi,Amynthas,NA,NA,NA,NA,Epi-Endogeic
Earthworms,Amynthas rodericensis,Amynt_rode,NA,NA,NA,Amynthas rodericensis,NA,NA,Amynthas rodericensis,Amynthas,NA,NA,NA,NA,NA
Earthworms,Amynthas tokioensis,Amynt_toki,NA,NA,Epi-Endogeic,Amynthas tokioensis,NA,NA,Amynthas tokioensis,Amynthas,NA,NA,NA,NA,Epi-Endogeic
Earthworms,Anisochaeta macleayi,Aniso_macl,NA,NA,Epi-Endogeic,Anisochaeta macleayi,NA,NA,Anisochaeta macleayi,Anisochaeta,NA,NA,NA,NA,Epi-Endogeic
Earthworms,Aporrectodea oerley,Aporr_NA,NA,NA,NA,Aporrectodea,NA,NA,Aporrectodea,Aporrectodea,NA,NA,NA,NA,NA
Earthworms,Aporrectodea caliginosa,Aporr_cali,NA,NA,Endogeic,Aporrectodea caliginosa,Aporrectodea caliginosa,Endogeic,Aporrectodea caliginosa,Aporrectodea,NA,NA,NA,NA,Endogeic
Earthworms,Aporrectodea cupulifera,Aporr_cupu,NA,NA,Endogeic,Aporrectodea cupulifera,Aporrectodea cupulifera,Endogeic,Aporrectodea cupulifera,Aporrectodea,NA,NA,NA,NA,Endogeic
Earthworms,Aporrectodea dubiosa,Aporr_dubi,NA,NA,Anecic,Aporrectodea dubiosa,Aporrectodea dubiosa,Anecic,Aporrectodea dubiosa,Aporrectodea,NA,NA,NA,NA,Anecic
Earthworms,Aporrectodea georgii,Aporr_geor,NA,NA,NA,Aporrectodea georgii,Aporrectodea georgii,Endogeic,Aporrectodea georgii,Aporrectodea,NA,NA,NA,NA,Endogeic
Earthworms,Aporrectodea giardi,Aporr_giar,NA,NA,Anecic,Aporrectodea giardi,Aporrectodea giardi,Anecic,Aporrectodea giardi,Aporrectodea,NA,NA,NA,NA,Anecic
Earthworms,Aporrectodea handlirschi,Aporr_hand,NA,NA,NA,Aporrectodea handlirschi,Aporrectodea handlirschi,Endogeic,Aporrectodea handlirschi,Aporrectodea,NA,NA,NA,NA,Endogeic
Earthworms,Aporrectodea haymoziformis,Aporr_haym,NA,NA,NA,Aporrectodea haymoziformis,NA,NA,Aporrectodea haymoziformis,Aporrectodea,NA,NA,NA,NA,NA
Earthworms,Aporrectodea icterica,Aporr_icte,NA,NA,Endogeic,Aporrectodea icterica,Aporrectodea icterica,Endogeic,Aporrectodea icterica,Aporrectodea,NA,NA,NA,NA,Endogeic
Earthworms,Aporrectodea jassyensis,Aporr_jass,NA,NA,NA,Aporrectodea jassyensis,Aporrectodea jassyensis,Endogeic,Aporrectodea jassyensis,Aporrectodea,NA,NA,NA,NA,Endogeic
Earthworms,Aporrectodea limicola,Aporr_limi,NA,NA,Endogeic,Aporrectodea limicola,Aporrectodea limicola,Endogeic,Aporrectodea limicola,Aporrectodea,NA,NA,NA,NA,Endogeic
Earthworms,Aporrectodea longa,Aporr_long,NA,NA,Anecic,Aporrectodea longa,Aporrectodea longa,Anecic,Aporrectodea longa,Aporrectodea,NA,NA,NA,NA,Anecic
Earthworms,Aporrectodea moebii,Aporr_moll,NA,NA,Endogeic,Aporrectodea moebii,Aporrectodea molleri,NA,Aporrectodea molleri,Aporrectodea,NA,NA,NA,NA,Endogeic
Earthworms,Aporrectodea molleri,Aporr_moll,NA,NA,Anecic,Aporrectodea molleri,Aporrectodea molleri,Endogeic,Aporrectodea molleri,Aporrectodea,NA,NA,NA,NA,Endogeic
Earthworms,Aporrectodea nocturna,Aporr_noct,NA,NA,Anecic,Aporrectodea nocturna,Aporrectodea nocturna,Anecic,Aporrectodea nocturna,Aporrectodea,NA,NA,NA,NA,Anecic
Earthworms,Aporrectodea oliveirae,Aporr_oliv,NA,NA,Epigeic,Aporrectodea oliveirae,Aporrectodea oliveirae,Epigeic,Aporrectodea oliveirae,Aporrectodea,NA,NA,NA,NA,Epigeic
Earthworms,Aporrectodea opisthosellata,Aporr_opis,NA,NA,Anecic,Aporrectodea opisthosellata,Aporrectodea opisthosellata,Endogeic,Aporrectodea opisthosellata,Aporrectodea,NA,NA,NA,NA,Endogeic
Earthworms,Aporrectodea rosea,Aporr_rose,NA,NA,Endogeic,Aporrectodea rosea,Aporrectodea rosea,Endogeic,Aporrectodea rosea,Aporrectodea,NA,NA,NA,NA,Endogeic
Earthworms,Aporrectodea smaragdina,Aporr_smar,NA,NA,NA,Aporrectodea smaragdina,Aporrectodea smaragdina,Epi-endogeic,Aporrectodea smaragdina,Aporrectodea,NA,NA,NA,NA,Epi-endogeic
Earthworms,Aporrectodea thaleri,Aporr_thal,NA,NA,NA,Aporrectodea thaleri,Aporrectodea thaleri,N/A,Aporrectodea thaleri,Aporrectodea,NA,NA,NA,NA,N/A
Earthworms,Aporrectodea trapezoides,Aporr_trap,NA,NA,Anecic,Aporrectodea trapezoides,Aporrectodea trapezoides,Anecic,Aporrectodea trapezoides,Aporrectodea,NA,NA,NA,NA,Anecic
Earthworms,Aporrectodea tuberculata,Aporr_tube,NA,NA,Endogeic,Aporrectodea tuberculata,NA,NA,Aporrectodea tuberculata,Aporrectodea,NA,NA,NA,NA,Endogeic
Earthworms,Aporrectodea turgida,Aporr_turg,NA,NA,Endogeic,Aporrectodea turgida,NA,NA,Aporrectodea turgida,Aporrectodea,NA,NA,NA,NA,Endogeic
Earthworms,Balanteodrilus pearsei,Balan_pear,NA,NA,Endogeic,Balanteodrilus pearsei,NA,NA,Balanteodrilus pearsei,Balanteodrilus,NA,NA,NA,NA,Endogeic
Earthworms,Belladrilus emilianii,Bella_emil,NA,NA,Endogeic,Belladrilus emilianii,NA,NA,Belladrilus emilianii,Belladrilus,NA,NA,NA,NA,Endogeic
Earthworms,Bimastos antiquus,Bimas_anti,NA,NA,NA,Bimastos antiquus,NA,NA,Bimastos antiquus,Bimastos,NA,NA,NA,NA,NA
Earthworms,Bimastos eiseni,Allol_eise,NA,NA,NA,Bimastos eiseni,Allolobophoridella eiseni,Epigeic,Allolobophoridella eiseni,Allolobophoridella,NA,NA,NA,NA,Epigeic
Earthworms,Bimastos jordanis,Bimas_jord,NA,NA,NA,Bimastos jordanis,NA,NA,Bimastos jordanis,Bimastos,NA,NA,NA,NA,NA
Earthworms,Bimastos parvus,Bimas_parv,NA,NA,Epigeic,Bimastos parvus,Bimastos parvus,Epigeic,Bimastos parvus,Bimastos,NA,NA,NA,NA,Epigeic
Earthworms,Bimastos rubidus,Dendr_rubi,NA,NA,NA,Bimastos rubidus,Dendrodrilus rubidus tenuis,Epigeic,Dendrodrilus rubidus tenuis,Dendrodrilus,93,7,0,Epigeic,Epigeic
Earthworms,Bimastus parvus,Bimas_parv,NA,NA,NA,Bimastus parvus,NA,NA,Bimastus parvus,Bimastus,NA,NA,NA,NA,NA
Earthworms,Cataladrilus edwardsi,Catal_edwa,NA,NA,NA,Cataladrilus edwardsi,NA,NA,Cataladrilus edwardsi,Cataladrilus,NA,NA,NA,NA,NA
Earthworms,Cataladrilus monticola,Catal_mont,NA,NA,NA,Cataladrilus monticola,NA,NA,Cataladrilus monticola,Cataladrilus,NA,NA,NA,NA,NA
Earthworms,Cataladrilus porquerollensis,Catal_porq,NA,NA,NA,Cataladrilus porquerollensis,NA,NA,Cataladrilus porquerollensis,Cataladrilus,NA,NA,NA,NA,NA
Earthworms,Cernosvitovia bertae,Cerno_bert,NA,NA,NA,Cernosvitovia bertae,NA,NA,Cernosvitovia bertae,Cernosvitovia,NA,NA,NA,NA,NA
Earthworms,Cernosvitovia dudichi,Cerno_dudi,NA,NA,NA,Cernosvitovia dudichi,NA,NA,Cernosvitovia dudichi,Cernosvitovia,NA,NA,NA,NA,NA
Earthworms,Criodrilus lacuum,Criod_lacu,NA,NA,Anecic,Criodrilus lacuum,Criodrilus lacuum,Anecic,Criodrilus lacuum,Criodrilus,NA,NA,NA,NA,Anecic
Earthworms,Dendrobaena alpina,Dendr_alpi,NA,NA,NA,Dendrobaena alpina,Dendrobaena alpina,Epigeic,Dendrobaena alpina,Dendrobaena,NA,NA,NA,NA,Epigeic
Earthworms,Dendrobaena attemsi,Dendr_atte,NA,NA,Epigeic,Dendrobaena attemsi,Dendrobaena attemsi,Epigeic,Dendrobaena attemsi,Dendrobaena,83,0,17,Epigeic,Epigeic
Earthworms,Dendrobaena auriculata,Dendr_auri,NA,NA,NA,Dendrobaena auriculata,Dendrobaena auriculata,Epigeic,Dendrobaena auriculata,Dendrobaena,NA,NA,NA,NA,Epigeic
Earthworms,Dendrobaena byblica,Dendr_bybl,NA,NA,Epigeic,Dendrobaena byblica,Dendrobaena byblica,Epigeic,Dendrobaena byblica,Dendrobaena,100,0,0,Epigeic,Epigeic
Earthworms,Dendrobaena clujensis,Dendr_cluj,NA,NA,NA,Dendrobaena clujensis,Dendrobaena clujensis,Anecic,Dendrobaena clujensis,Dendrobaena,NA,NA,NA,NA,Anecic
Earthworms,Dendrobaena cognettii,Dendr_pygm,NA,NA,NA,Dendrobaena cognettii,Dendrobaena pygmaea,Epigeic,Dendrobaena pygmaea,Dendrobaena,NA,NA,NA,NA,Epigeic
Earthworms,Dendrobaena franzi,Dendr_fran,NA,NA,Epigeic,Dendrobaena franzi,Dendrobaena franzi,Epigeic,Dendrobaena franzi,Dendrobaena,NA,NA,NA,NA,Epigeic
Earthworms,Dendrobaena fridericae,Dendr_frid,NA,NA,NA,Dendrobaena fridericae,NA,NA,Dendrobaena fridericae,Dendrobaena,NA,NA,NA,NA,NA
Earthworms,Dendrobaena ganglbaueri,Dendr_gang,NA,NA,Epigeic,Dendrobaena ganglbaueri,NA,NA,Dendrobaena ganglbaueri,Dendrobaena,NA,NA,NA,NA,Epigeic
Earthworms,Dendrobaena hortensis,Dendr_hort,NA,NA,Epigeic,Dendrobaena hortensis,Dendrobaena hortensis,Epigeic,Dendrobaena hortensis,Dendrobaena,NA,NA,NA,NA,Epigeic
Earthworms,Dendrobaena illyrica,Dendr_illy,NA,NA,NA,Dendrobaena illyrica,Dendrobaena illyrica,Epigeic,Dendrobaena illyrica,Dendrobaena,NA,NA,NA,NA,Epigeic
Earthworms,Dendrobaena illyricus,Dendr_illy,NA,NA,NA,Dendrobaena illyricus,Dendrobaena illyrica,NA,Dendrobaena illyrica,Dendrobaena,NA,NA,NA,NA,NA
Earthworms,Dendrobaena lusitana,Dendr_lusi,NA,NA,Epigeic,Dendrobaena lusitana,Dendrobaena lusitana,Epigeic,Dendrobaena lusitana,Dendrobaena,NA,NA,NA,NA,Epigeic
Earthworms,Dendrobaena mariupolienis,Dendr_mari,NA,NA,NA,Dendrobaena mariupolienis,NA,NA,Dendrobaena mariupolienis,Dendrobaena,NA,NA,NA,NA,NA
Earthworms,Dendrobaena octaedra,Dendr_octa,NA,NA,Epigeic,Dendrobaena octaedra,Dendrobaena octaedra,Epigeic,Dendrobaena octaedra,Dendrobaena,97,0,3,Epigeic,Epigeic
Earthworms,Dendrobaena osellai,Dendr_osel,NA,NA,NA,Dendrobaena osellai,NA,NA,Dendrobaena osellai,Dendrobaena,NA,NA,NA,NA,NA
Earthworms,Dendrobaena pantaleonis,Dendr_pant,NA,NA,Epigeic,Dendrobaena pantaleonis,Dendrobaena pantaleonis,Epigeic,Dendrobaena pantaleonis,Dendrobaena,NA,NA,NA,NA,Epigeic
Earthworms,Dendrobaena pavliceki,Dendr_pavl,NA,NA,NA,Dendrobaena pavliceki,NA,NA,Dendrobaena pavliceki,Dendrobaena,NA,NA,NA,NA,NA
Earthworms,Dendrobaena pentheri,Dendr_pent,NA,NA,NA,Dendrobaena pentheri,NA,NA,Dendrobaena pentheri,Dendrobaena,NA,NA,NA,NA,NA
Earthworms,Dendrobaena persimilis,Dendr_pers,NA,NA,NA,Dendrobaena persimilis,NA,NA,Dendrobaena persimilis,Dendrobaena,NA,NA,NA,NA,NA
Earthworms,Dendrobaena platyura,Dendr_plat,NA,NA,NA,Dendrobaena platyura,NA,NA,Dendrobaena platyura,Dendrobaena,NA,NA,NA,NA,NA
Earthworms,Dendrobaena pseudorrosea,Dendr_pseu,NA,NA,NA,Dendrobaena pseudorrosea,NA,NA,Dendrobaena pseudorrosea,Dendrobaena,NA,NA,NA,NA,NA
Earthworms,Dendrobaena pygmaea,Dendr_pygm,NA,NA,Epigeic,Dendrobaena pygmaea,Dendrobaena pygmaea,Epigeic,Dendrobaena pygmaea,Dendrobaena,NA,NA,NA,NA,Epigeic
Earthworms,Dendrobaena pygmaea gallurensis,Dendr_gall,NA,NA,Epigeic,Dendrobaena pygmaea gallurensis,Dendrobaena gallurensis,Epigeic,Dendrobaena gallurensis,Dendrobaena,NA,NA,NA,NA,Epigeic
Earthworms,Dendrobaena ressli,Dendr_ress,NA,NA,NA,Dendrobaena ressli,NA,NA,Dendrobaena ressli,Dendrobaena,NA,NA,NA,NA,NA
Earthworms,Dendrobaena ruffoi,Dendr_ruff,NA,NA,NA,Dendrobaena ruffoi,NA,NA,Dendrobaena ruffoi,Dendrobaena,NA,NA,NA,NA,NA
Earthworms,Dendrobaena schmidti schmidti,Dendr_schm,NA,NA,Endogeic,Dendrobaena schmidti schmidti,Dendrobaena schmidti schmidti,Endogeic,Dendrobaena schmidti schmidti,Dendrobaena,NA,NA,NA,NA,Endogeic
Earthworms,Dendrobaena schmidti tellermanica,Dendr_schm,NA,NA,Endogeic,Dendrobaena schmidti tellermanica,Dendrobaena schmidti tellermanica,Endogeic,Dendrobaena schmidti tellermanica,Dendrobaena,NA,NA,NA,NA,Endogeic
Earthworms,Dendrobaena succincta,Dendr_succ,NA,NA,NA,Dendrobaena succincta,NA,NA,Dendrobaena succincta,Dendrobaena,NA,NA,NA,NA,NA
Earthworms,Dendrobaena vejdovskyi,Dendr_vejd,NA,NA,NA,Dendrobaena vejdovskyi,Dendrobaena vejdovskyi,Epigeic,Dendrobaena vejdovskyi,Dendrobaena,NA,NA,NA,NA,Epigeic
Earthworms,Dendrobaena veneta,Dendr_vene,NA,NA,Epigeic,Dendrobaena veneta,Dendrobaena veneta,Epigeic,Dendrobaena veneta,Dendrobaena,NA,NA,NA,NA,Epigeic
Earthworms,Dendrodrilus rubidus,Dendr_rubi,NA,NA,Epigeic,Dendrodrilus rubidus,Dendrodrilus rubidus,Epigeic,Dendrodrilus rubidus,Dendrodrilus,93,7,0,Epigeic,Epigeic
Earthworms,Dendrodrilus rubidus subrubicundus,Dendr_rubi,NA,NA,Epigeic,Dendrodrilus rubidus subrubicundus,Dendrodrilus rubidus subrubicundus,Epigeic,Dendrodrilus rubidus subrubicundus,Dendrodrilus,93,7,0,Epigeic,Epigeic
Earthworms,Dendrodrilus rubidus tenuis,Dendr_rubi,NA,NA,Epigeic,Dendrodrilus rubidus tenuis,Dendrodrilus rubidus tenuis,Epigeic,Dendrodrilus rubidus tenuis,Dendrodrilus,93,7,0,Epigeic,Epigeic
Earthworms,Dichogaster affinis,Dicho_affi,NA,NA,Epi-Endogeic,Dichogaster affinis,NA,NA,Dichogaster affinis,Dichogaster,NA,NA,NA,NA,Epi-Endogeic
Earthworms,Dichogaster baeri,Dicho_baer,NA,NA,Epigeic,Dichogaster baeri,NA,NA,Dichogaster baeri,Dichogaster,NA,NA,NA,NA,Epigeic
Earthworms,Dichogaster bolaui,Dicho_bola,NA,NA,Epi-Endogeic,Dichogaster bolaui,Dichogaster bolaui,Epi-Endogeic,Dichogaster bolaui,Dichogaster,NA,NA,NA,NA,Epi-Endogeic
Earthworms,Dichogaster ehrhardti,Dicho_ehrh,NA,NA,Epigeic,Dichogaster ehrhardti,NA,NA,Dichogaster ehrhardti,Dichogaster,NA,NA,NA,NA,Epigeic
Earthworms,Dichogaster gracilis,Dicho_grac,NA,NA,Epi-Endogeic,Dichogaster gracilis,NA,NA,Dichogaster gracilis,Dichogaster,NA,NA,NA,NA,Epi-Endogeic
Earthworms,Dichogaster leroyi,Dicho_lero,NA,NA,Epigeic,Dichogaster leroyi,NA,NA,Dichogaster leroyi,Dichogaster,NA,NA,NA,NA,Epigeic
Earthworms,Dichogaster mamillata,Dicho_mami,NA,NA,Epigeic,Dichogaster mamillata,NA,NA,Dichogaster mamillata,Dichogaster,NA,NA,NA,NA,Epigeic
Earthworms,Dichogaster modiglianii,Dicho_modi,NA,NA,NA,Dichogaster modiglianii,NA,NA,Dichogaster modiglianii,Dichogaster,NA,NA,NA,NA,NA
Earthworms,Dichogaster notabilis,Dicho_nota,NA,NA,Epigeic,Dichogaster notabilis,NA,NA,Dichogaster notabilis,Dichogaster,NA,NA,NA,NA,Epigeic
Earthworms,Dichogaster papillosa,Dicho_papi,NA,NA,Epigeic,Dichogaster papillosa,NA,NA,Dichogaster papillosa,Dichogaster,NA,NA,NA,NA,Epigeic
Earthworms,Dichogaster saliens,Dicho_sali,NA,NA,Epi-Endogeic,Dichogaster saliens,NA,NA,Dichogaster saliens,Dichogaster,NA,NA,NA,NA,Epi-Endogeic
Earthworms,Dichogaster terraenigrae,Dicho_terr,NA,NA,Endogeic,Dichogaster terraenigrae,NA,NA,Dichogaster terraenigrae,Dichogaster,NA,NA,NA,NA,Endogeic
Earthworms,Diplocardia hulberti,Diplo_hulb,NA,NA,Epi-Endogeic,Diplocardia hulberti,NA,NA,Diplocardia hulberti,Diplocardia,NA,NA,NA,NA,Epi-Endogeic
Earthworms,Diplocardia kansensis,Diplo_kans,NA,NA,Epigeic,Diplocardia kansensis,NA,NA,Diplocardia kansensis,Diplocardia,NA,NA,NA,NA,Epigeic
Earthworms,Diplocardia longiseta,Diplo_long,NA,NA,Endogeic,Diplocardia longiseta,NA,NA,Diplocardia longiseta,Diplocardia,NA,NA,NA,NA,Endogeic
Earthworms,Diplocardia singularis,Diplo_sing,NA,NA,Endogeic,Diplocardia singularis,NA,NA,Diplocardia singularis,Diplocardia,NA,NA,NA,NA,Endogeic
Earthworms,Diplotrema oxcutzcabensis,Diplo_oxcu,NA,NA,Endogeic,Diplotrema oxcutzcabensis,NA,NA,Diplotrema oxcutzcabensis,Diplotrema,NA,NA,NA,NA,Endogeic
Earthworms,Diplotrema papillata,Diplo_papi,NA,NA,Endogeic,Diplotrema papillata,NA,NA,Diplotrema papillata,Diplotrema,NA,NA,NA,NA,Endogeic
Earthworms,Diporodrilus pilosus,Dipor_pilo,NA,NA,NA,Diporodrilus pilosus,NA,NA,Diporodrilus pilosus,Diporodrilus,0,8,92,Endogeic,Endogeic
Earthworms,Dorgiodrilus robustus,Dorgi_robu,NA,NA,Endogeic,Dorgiodrilus robustus,NA,NA,Dorgiodrilus robustus,Dorgiodrilus,NA,NA,NA,NA,Endogeic
Earthworms,Drawida barwelli,Drawi_barw,NA,NA,Endogeic,Drawida barwelli,NA,NA,Drawida barwelli,Drawida,NA,NA,NA,NA,Endogeic
Earthworms,Drawida gisti,Drawi_gist,NA,NA,Endogeic,Drawida gisti,NA,NA,Drawida gisti,Drawida,NA,NA,NA,NA,Endogeic
Earthworms,Drawida japonica,Drawi_japo,NA,NA,Endogeic,Drawida japonica,NA,NA,Drawida japonica,Drawida,NA,NA,NA,NA,Endogeic
Earthworms,Drawida nepalensis,Drawi_nepa,NA,NA,Anecic,Drawida nepalensis,NA,NA,Drawida nepalensis,Drawida,NA,NA,NA,NA,Anecic
Earthworms,Eisenia andrei,Eisen_andr,NA,NA,Epigeic,Eisenia andrei,Eisenia andrei,Epigeic,Eisenia andrei,Eisenia,94,3,3,Epigeic,Epigeic
Earthworms,Eisenia atlavinyteae,Eisen_atla,NA,NA,Epi-Endogeic,Eisenia atlavinyteae,NA,NA,Eisenia atlavinyteae,Eisenia,NA,NA,NA,NA,Epi-Endogeic
Earthworms,Eisenia austriaca,Eisen_aust,NA,NA,NA,Eisenia austriaca,NA,NA,Eisenia austriaca,Eisenia,NA,NA,NA,NA,NA
Earthworms,Eisenia balatonica,Eisen_bala,NA,NA,NA,Eisenia balatonica,Eisenia balatonica,Epigeic,Eisenia balatonica,Eisenia,NA,NA,NA,NA,Epigeic
Earthworms,Eisenia fetida,Eisen_feti,NA,NA,Epigeic,Eisenia fetida,Eisenia fetida,Epigeic,Eisenia fetida,Eisenia,93,4,3,Epigeic,Epigeic
Earthworms,Eisenia japonica,Eisen_japo,NA,NA,Endogeic,Eisenia japonica,NA,NA,Eisenia japonica,Eisenia,NA,NA,NA,NA,Endogeic
Earthworms,Eisenia lucens,Eisen_luce,NA,NA,Epigeic,Eisenia lucens,Eisenia lucens,Epigeic,Eisenia lucens,Eisenia,NA,NA,NA,NA,Epigeic
Earthworms,Eisenia nordenskioldi,Eisen_nord,NA,NA,NA,Eisenia nordenskioldi,Eisenia nordenskioldi,Epi-Endogeic,Eisenia nordenskioldi,Eisenia,NA,NA,NA,NA,Epi-Endogeic
Earthworms,Eisenia nordenskioldi nordenskioldi,Eisen_nord,NA,NA,Epi-Endogeic,Eisenia nordenskioldi nordenskioldi,Eisenia nordenskioldi,Epi-Endogeic,Eisenia nordenskioldi,Eisenia,NA,NA,NA,NA,Epi-Endogeic
Earthworms,Eisenia rhodopensis,Eisen_rhod,NA,NA,NA,Eisenia rhodopensis,NA,NA,Eisenia rhodopensis,Eisenia,NA,NA,NA,NA,NA
Earthworms,Eisenia spelaea,Eisen_spel,NA,NA,NA,Eisenia spelaea,Eisenia spelaea,Epigeic,Eisenia spelaea,Eisenia,NA,NA,NA,NA,Epigeic
Earthworms,Eisenia spelea,Eisen_spel,NA,NA,NA,Eisenia spelea,NA,NA,Eisenia spelea,Eisenia,NA,NA,NA,NA,NA
Earthworms,Eisenia submontana,Eisen_subm,NA,NA,NA,Eisenia submontana,NA,NA,Eisenia submontana,Eisenia,NA,NA,NA,NA,NA
Earthworms,Eiseniella balatonica,Eisen_bala,NA,NA,NA,Eiseniella balatonica,Eisenia balatonica,NA,Eisenia balatonica,Eisenia,NA,NA,NA,NA,NA
Earthworms,Eiseniella balcanica,Eisen_balc,NA,NA,NA,Eiseniella balcanica,NA,NA,Eiseniella balcanica,Eiseniella,NA,NA,NA,NA,NA
Earthworms,Eiseniella neapolitana,Eisen_neap,NA,NA,NA,Eiseniella neapolitana,NA,NA,Eiseniella neapolitana,Eiseniella,NA,NA,NA,NA,NA
Earthworms,Eiseniella ochridana,Eisen_ochr,NA,NA,NA,Eiseniella ochridana,NA,NA,Eiseniella ochridana,Eiseniella,NA,NA,NA,NA,NA
Earthworms,Eiseniella oltenica,Eisen_olte,NA,NA,NA,Eiseniella oltenica,NA,NA,Eiseniella oltenica,Eiseniella,NA,NA,NA,NA,NA
Earthworms,Eiseniella tetraedra,Eisen_tetr,NA,NA,Epigeic,Eiseniella tetraedra,Eiseniella tetraedra,Epigeic,Eiseniella tetraedra,Eiseniella,78,22,0,Epigeic,Epigeic
Earthworms,Eiseniona albolineata,Eisen_albo,NA,NA,NA,Eiseniona albolineata,NA,NA,Eiseniona albolineata,Eiseniona,NA,NA,NA,NA,NA
Earthworms,Eiseniona hardlirschi,Aporr_hand,NA,NA,Endogeic,Eiseniona handlirschi,Aporrectodea handlirschi,Endogeic,Aporrectodea handlirschi,Aporrectodea,NA,NA,NA,NA,Endogeic
Earthworms,Eiseniona oliveirai,Eisen_oliv,NA,NA,NA,Eiseniona oliveirai,NA,NA,Eiseniona oliveirai,Eiseniona,NA,NA,NA,NA,NA
Earthworms,Eminoscolex lamani,Emino_lama,NA,NA,Epigeic,Eminoscolex lamani,NA,NA,Eminoscolex lamani,Eminoscolex,NA,NA,NA,NA,Epigeic
Earthworms,Eminoscolex violaceus,Emino_viol,NA,NA,Epigeic,Eminoscolex violaceus,NA,NA,Eminoscolex violaceus,Eminoscolex,NA,NA,NA,NA,Epigeic
Earthworms,Enterion cyaneum,Octol_cyan,NA,NA,NA,Enterion cyaneum,Octolasion cyaneum,NA,Octolasion cyaneum,Octolasion,21,24,55,Intermediate,Intermediate
Earthworms,Enterion festivum,Lumbr_fest,NA,NA,NA,Enterion festivum,Lumbricus festivus,NA,Lumbricus festivus,Lumbricus,66,34,0,Epi-anecic,Epi-anecic
Earthworms,Enterion polyphemus,Lumbr_poly,NA,NA,NA,Enterion polyphemus,Lumbricus polyphemus,NA,Lumbricus polyphemus,Lumbricus,NA,NA,NA,NA,NA
Earthworms,Enterion pygmaeum,Dendr_pygm,NA,NA,NA,Enterion pygmaeum,Dendrobaena pygmaea,NA,Dendrobaena pygmaea,Dendrobaena,NA,NA,NA,NA,NA
Earthworms,Enterion tyrtaeum,Octol_tyrt,NA,NA,NA,Enterion tyrtaeum,Octolasion tyrtaeum,NA,Octolasion tyrtaeum,Octolasion,NA,NA,NA,NA,NA
Earthworms,Eophila crodabepis,Eophi_crod,NA,NA,NA,Eophila crodabepis,NA,NA,Eophila crodabepis,Eophila,NA,NA,NA,NA,NA
Earthworms,Eophila cyanea,Eophi_cyan,NA,NA,NA,Eophila cyanea,NA,NA,Eophila cyanea,Eophila,NA,NA,NA,NA,NA
Earthworms,Eophila icterica,Aporr_icte,NA,NA,NA,Eophila icterica,Aporrectodea icterica,NA,Aporrectodea icterica,Aporrectodea,NA,NA,NA,NA,NA
Earthworms,Eophila pyrenaica,Eophi_pyre,NA,NA,NA,Eophila pyrenaica,NA,NA,Eophila pyrenaica,Eophila,NA,NA,NA,NA,NA
Earthworms,Eophila tellinii,Eophi_tell,NA,NA,NA,Eophila tellinii,Eophila tellinii,Anecic,Eophila tellinii,Eophila,NA,NA,NA,NA,Anecic
Earthworms,Ephyriodrilus afroccidentalis,Ephyr_afro,NA,NA,Epigeic,Ephyriodrilus afroccidentalis,NA,NA,Ephyriodrilus afroccidentalis,Ephyriodrilus,NA,NA,NA,NA,Epigeic
Earthworms,Ethnodrilus aveli,Ethno_avel,NA,NA,NA,Ethnodrilus aveli,NA,NA,Ethnodrilus aveli,Ethnodrilus,16,0,84,Endogeic,Endogeic
Earthworms,Eudrilus eugeniae,Eudri_euge,NA,NA,Epi-Endogeic,Eudrilus eugeniae,NA,NA,Eudrilus eugeniae,Eudrilus,NA,NA,NA,NA,Epi-Endogeic
Earthworms,Eudrilus pallidus,Eudri_pall,NA,NA,Epigeic,Eudrilus pallidus,NA,NA,Eudrilus pallidus,Eudrilus,NA,NA,NA,NA,Epigeic
Earthworms,Eukerria saltensis,Euker_salt,NA,NA,Endogeic,Eukerria saltensis,Eukerria saltensis,Endogeic,Eukerria saltensis,Eukerria,NA,NA,NA,NA,Endogeic
Earthworms,Eutyphoeus incommodus,Eutyp_inco,NA,NA,Epi-Endogeic,Eutyphoeus incommodus,NA,NA,Eutyphoeus incommodus,Eutyphoeus,NA,NA,NA,NA,Epi-Endogeic
Earthworms,Eutyphoeus mizoramensis,Eutyp_mizo,NA,NA,Anecic,Eutyphoeus mizoramensis,NA,NA,Eutyphoeus mizoramensis,Eutyphoeus,NA,NA,NA,NA,Anecic
Earthworms,Eutyphoeus waltoni,Eutyp_walt,NA,NA,Anecic,Eutyphoeus waltoni,NA,NA,Eutyphoeus waltoni,Eutyphoeus,NA,NA,NA,NA,Anecic
Earthworms,Fimoscolex bartzi,Fimos_bart,NA,NA,Endogeic,Fimoscolex bartzi,NA,NA,Fimoscolex bartzi,Fimoscolex,NA,NA,NA,NA,Endogeic
Earthworms,Firzingeria platyura,Dendr_plat,NA,NA,Anecic,Fitzingeria platyura,Dendrobaena platyura,Anecic,Dendrobaena platyura,Dendrobaena,NA,NA,NA,NA,Anecic
Earthworms,Fitzingeria platyura,Fitzi_plat,NA,NA,NA,Fitzingeria platyura,NA,NA,Fitzingeria platyura,Fitzingeria,NA,NA,NA,NA,NA
Earthworms,Gatesona chaetophora,Gates_chae,NA,NA,NA,Gatesona chaetophora,NA,NA,Gatesona chaetophora,Gatesona,NA,NA,NA,NA,NA
Earthworms,Gemascolex lateralis,Gemas_late,NA,NA,Epi-Endogeic,Gemascolex lateralis,NA,NA,Gemascolex lateralis,Gemascolex,NA,NA,NA,NA,Epi-Endogeic
Earthworms,Gemascolex octothecatus,Gemas_octo,NA,NA,Endogeic,Gemascolex octothecatus,NA,NA,Gemascolex octothecatus,Gemascolex,NA,NA,NA,NA,Endogeic
Earthworms,Gemascolex walkeri,Gemas_walk,NA,NA,Endogeic,Gemascolex walkeri,NA,NA,Gemascolex walkeri,Gemascolex,NA,NA,NA,NA,Endogeic
Earthworms,Glossodrilus parecis,Gloss_pare,NA,NA,Endogeic,Glossodrilus parecis,NA,NA,Glossodrilus parecis,Glossodrilus,NA,NA,NA,NA,Endogeic
Earthworms,Glossoscolex giocondoi,Gloss_gioc,NA,NA,Endogeic,Glossoscolex giocondoi,NA,NA,Glossoscolex giocondoi,Glossoscolex,NA,NA,NA,NA,Endogeic
Earthworms,Gordiodrilus marcusi,Gordi_marc,NA,NA,Endogeic,Gordiodrilus marcusi,NA,NA,Gordiodrilus marcusi,Gordiodrilus,NA,NA,NA,NA,Endogeic
Earthworms,Gordiodrilus wemanus,Gordi_wema,NA,NA,Endogeic,Gordiodrilus wemanus,NA,NA,Gordiodrilus wemanus,Gordiodrilus,NA,NA,NA,NA,Endogeic
Earthworms,Healyella boluana,Healy_bolu,NA,NA,NA,Healyella boluana,NA,NA,Healyella boluana,Healyella,NA,NA,NA,NA,NA
Earthworms,Healyella zicsii,Healy_zics,NA,NA,NA,Healyella zicsii,NA,NA,Healyella zicsii,Healyella,NA,NA,NA,NA,NA
Earthworms,Helodrilus putris,Helod_NA,NA,NA,NA,Helodrilus,NA,NA,Helodrilus,Helodrilus,NA,NA,NA,NA,NA
Earthworms,Helodrilus cortezi,Helod_cort,NA,NA,NA,Helodrilus cortezi,NA,NA,Helodrilus cortezi,Helodrilus,NA,NA,NA,NA,NA
Earthworms,Helodrilus moebii,Helod_moeb,NA,NA,NA,Helodrilus moebii,NA,NA,Helodrilus moebii,Helodrilus,NA,NA,NA,NA,NA
Earthworms,Helodrilus norvegicus,Helod_norv,NA,NA,NA,Helodrilus norvegicus,NA,NA,Helodrilus norvegicus,Helodrilus,NA,NA,NA,NA,NA
Earthworms,Helodrilus oculatus,Helod_ocul,NA,NA,Epi-Endogeic,Helodrilus oculatus,Helodrilus oculatus,Epi-Endogeic,Helodrilus oculatus,Helodrilus,NA,NA,NA,NA,Epi-Endogeic
Earthworms,Helodrilus patriarchalis,Helod_patr,NA,NA,NA,Helodrilus patriarchalis,NA,NA,Helodrilus patriarchalis,Helodrilus,NA,NA,NA,NA,NA
Earthworms,Hemigastrodrilus monicae,Hemig_moni,NA,NA,NA,Hemigastrodrilus monicae,Hemigastrodrilus monicae,Endogeic,Hemigastrodrilus monicae,Hemigastrodrilus,0,0,100,Endogeic,Endogeic
Earthworms,Heteroporodrilus shephardi,Heter_shep,NA,NA,Endogeic,Heteroporodrilus shephardi,NA,NA,Heteroporodrilus shephardi,Heteroporodrilus,NA,NA,NA,NA,Endogeic
Earthworms,Hormogaster castillana,Hormo_cast,NA,NA,NA,Hormogaster castillana,NA,NA,Hormogaster castillana,Hormogaster,NA,NA,NA,NA,NA
Earthworms,Hormogaster elisae,Hormo_elis,NA,NA,Endogeic,Hormogaster elisae,Hormogaster elisae,Endogeic,Hormogaster elisae,Hormogaster,NA,NA,NA,NA,Endogeic
Earthworms,Hormogaster najaformis,Hormo_naja,NA,NA,NA,Hormogaster najaformis,Hormogaster najaformis,Endogeic,Hormogaster najaformis,Hormogaster,NA,NA,NA,NA,Endogeic
Earthworms,Hormogaster pretiosa,Hormo_pret,NA,NA,NA,Hormogaster pretiosa,NA,NA,Hormogaster pretiosa,Hormogaster,NA,NA,NA,NA,NA
Earthworms,Hormogaster redii,Hormo_redi,NA,NA,NA,Hormogaster redii,NA,NA,Hormogaster redii,Hormogaster,NA,NA,NA,NA,NA
Earthworms,Hormogaster riojana,Hormo_rioj,NA,NA,NA,Hormogaster riojana,Hormogaster riojana,Endogeic,Hormogaster riojana,Hormogaster,NA,NA,NA,NA,Endogeic
Earthworms,Hormogaster samnitica,Hormo_samn,NA,NA,NA,Hormogaster samnitica,Hormogaster samnitica,Endogeic,Hormogaster samnitica,Hormogaster,NA,NA,NA,NA,Endogeic
Earthworms,Hyperiodrilus africanus,Hyper_afri,NA,NA,Epi-Endogeic,Hyperiodrilus africanus,NA,NA,Hyperiodrilus africanus,Hyperiodrilus,NA,NA,NA,NA,Epi-Endogeic
Earthworms,Kenleenus armadas,Kenle_arma,NA,NA,NA,Kenleenus armadas,NA,NA,Kenleenus armadas,Kenleenus,NA,NA,NA,NA,NA
Earthworms,Kritodrilus micrurus,Krito_micr,NA,NA,NA,Kritodrilus micrurus,NA,NA,Kritodrilus micrurus,Kritodrilus,NA,NA,NA,NA,NA
Earthworms,Kritodrilus tetryae,Krito_tetr,NA,NA,NA,Kritodrilus tetryae,NA,NA,Kritodrilus tetryae,Kritodrilus,NA,NA,NA,NA,NA
Earthworms,Lampito mauritti,Lampi_maur,NA,NA,Anecic,Lampito mauritti,NA,NA,Lampito mauritti,Lampito,NA,NA,NA,NA,Anecic
Earthworms,Larsonidrilus orbiculatus,Larso_orbi,NA,NA,Endogeic,Larsonidrilus orbiculatus,NA,NA,Larsonidrilus orbiculatus,Larsonidrilus,NA,NA,NA,NA,Endogeic
Earthworms,Lavellodrilus bonampakensis,Lavel_bona,NA,NA,Endogeic,Lavellodrilus bonampakensis,NA,NA,Lavellodrilus bonampakensis,Lavellodrilus,NA,NA,NA,NA,Endogeic
Earthworms,Lennogaster pusilla,Lenno_pusi,NA,NA,Epigeic,Leptogaster pusilla,NA,NA,Leptogaster pusilla,Leptogaster,NA,NA,NA,NA,Epigeic
Earthworms,Lumbricus badensis,Lumbr_bade,NA,NA,NA,Lumbricus badensis,Lumbricus badensis,Anecic,Lumbricus badensis,Lumbricus,NA,NA,NA,NA,Anecic
Earthworms,Lumbricus baicalensis,Lumbr_baic,NA,NA,NA,Lumbricus baicalensis,Lumbricus baicalensis,Epigeic,Lumbricus baicalensis,Lumbricus,NA,NA,NA,NA,Epigeic
Earthworms,Lumbricus castaneus,Lumbr_cast,NA,NA,Epigeic,Lumbricus castaneus,Lumbricus castaneus,Epigeic,Lumbricus castaneus,Lumbricus,90,10,0,Epigeic,Epigeic
Earthworms,Lumbricus centralis,Lumbr_cent,NA,NA,NA,Lumbricus centralis,Lumbricus centralis,Epi-anecic,Lumbricus centralis,Lumbricus,34,66,0,Epi-anecic,Epi-anecic
Earthworms,Lumbricus festivus,Lumbr_fest,NA,NA,Anecic,Lumbricus festivus,Lumbricus festivus,Epi-anecic,Lumbricus festivus,Lumbricus,66,34,0,Epi-anecic,Epi-anecic
Earthworms,Lumbricus friendi,Lumbr_frie,NA,NA,Anecic,Lumbricus friendi,Lumbricus friendi,Anecic,Lumbricus friendi,Lumbricus,34,66,0,Epi-anecic,Anecic
Earthworms,Lumbricus gigas,Lumbr_giga,NA,NA,NA,Lumbricus gigas,NA,NA,Lumbricus gigas,Lumbricus,NA,NA,NA,NA,NA
Earthworms,Lumbricus herculeus,Lumbr_herc,NA,NA,NA,Lumbricus herculeus,Lumbricus herculeus,Anecic,Lumbricus herculeus,Lumbricus,34,66,0,Epi-anecic,Anecic
Earthworms,Lumbricus klarae,Lumbr_klar,NA,NA,NA,Lumbricus klarae,Lumbricus klarae,Epigeic,Lumbricus klarae,Lumbricus,NA,NA,NA,NA,Epigeic
Earthworms,Lumbricus lucens,Eisen_luce,NA,NA,NA,Lumbricus lucens,Esienia lucens,NA,Eisenia lucens,Eisenia,NA,NA,NA,NA,NA
Earthworms,Lumbricus meliboeus,Lumbr_meli,NA,NA,Anecic,Lumbricus meliboeus,Lumbricus meliboeus,Epi-anecic,Lumbricus meliboeus,Lumbricus,64,36,0,Epi-anecic,Epi-anecic
Earthworms,Lumbricus polyphemus,Lumbr_poly,NA,NA,Anecic,Lumbricus polyphemus,Lumbricus polyphemus,Anecic,Lumbricus polyphemus,Lumbricus,NA,NA,NA,NA,Anecic
Earthworms,Lumbricus rubellus,Lumbr_rube,NA,NA,Epigeic,Lumbricus rubellus,Lumbricus rubellus,Epigeic,Lumbricus rubellus,Lumbricus,85,15,0,Epigeic,Epigeic
Earthworms,Lumbricus terrestris,Lumbr_terr,NA,NA,Anecic,Lumbricus terrestris,Lumbricus terrestris,Anecic,Lumbricus terrestris,Lumbricus,NA,NA,NA,NA,Anecic
Earthworms,Malodrilus buarensis,Malod_buar,NA,NA,Epigeic,Malodrilus buarensis,NA,NA,Malodrilus buarensis,Malodrilus,NA,NA,NA,NA,Epigeic
Earthworms,Mayadrilus calakmulensis,Mayad_cala,NA,NA,NA,Mayadrilus calakmulensis,NA,NA,Mayadrilus calakmulensis,Mayadrilus,NA,NA,NA,NA,NA
Earthworms,Metaphire cai,Metap_cai,NA,NA,NA,Metaphire cai,NA,NA,Metaphire cai,Metaphire,NA,NA,NA,NA,NA
Earthworms,Metaphire californica,Metap_cali,NA,NA,Epi-Endogeic,Metaphire californica,NA,NA,Metaphire californica,Metaphire,NA,NA,NA,NA,Epi-Endogeic
Earthworms,Metaphire guillelmi,Metap_guil,NA,NA,Anecic,Metaphire guillelmi,NA,NA,Metaphire guillelmi,Metaphire,NA,NA,NA,NA,Anecic
Earthworms,Metaphire houlleti,Metap_houl,NA,NA,Epi-Endogeic,Metaphire houlleti,NA,NA,Metaphire houlleti,Metaphire,NA,NA,NA,NA,Epi-Endogeic
Earthworms,Metaphire kiengiangensis,Metap_kien,NA,NA,NA,Metaphire kiengiangensis,Metaphire kiengiangensis,Endogeic,Metaphire kiengiangensis,Metaphire,NA,NA,NA,NA,Endogeic
Earthworms,Metaphire megascolidioides,Metap_mega,NA,NA,Anecic,Metaphire megascolidioides,NA,NA,Metaphire megascolidioides,Metaphire,NA,NA,NA,NA,Anecic
Earthworms,Metaphire posthuma,Metap_post,NA,NA,Endogeic,Metaphire posthuma,NA,NA,Metaphire posthuma,Metaphire,NA,NA,NA,NA,Endogeic
Earthworms,Metaphire tschiliensis,Metap_tsch,NA,NA,Endogeic,Metaphire tschiliensis,NA,NA,Metaphire tschiliensis,Metaphire,NA,NA,NA,NA,Endogeic
Earthworms,Microscolex dubius,Micro_dubi,NA,NA,Epi-Endogeic,Microscolex dubius,Microscolex dubius,Epi-Endogeic,Microscolex dubius,Microscolex,30,0,70,Epi-endogeic,Epi-Endogeic
Earthworms,Microscolex phosphoreus,Micro_phos,NA,NA,Endogeic,Microscolex phosphoreus,Microscolex phosphoreus,Endogeic,Microscolex phosphoreus,Microscolex,29,0,71,Epi-endogeic,Endogeic
Earthworms,Millsonia guttata,Mills_gutt,NA,NA,Endogeic,Millsonia guttata,NA,NA,Millsonia guttata,Millsonia,NA,NA,NA,NA,Endogeic
Earthworms,Millsonia inermis,Mills_iner,NA,NA,Endogeic,Millsonia inermis,NA,NA,Millsonia inermis,Millsonia,NA,NA,NA,NA,Endogeic
Earthworms,Millsonia lamtoiana,Mills_lamt,NA,NA,Endogeic,Millsonia lamtoiana,NA,NA,Millsonia lamtoiana,Millsonia,NA,NA,NA,NA,Endogeic
Earthworms,Millsonia schlegeli,Mills_schl,NA,NA,Endogeic,Millsonia schlegeli,NA,NA,Millsonia schlegeli,Millsonia,NA,NA,NA,NA,Endogeic
Earthworms,Murchieona minuscula,Murch_minu,NA,NA,NA,Murchieona minuscula,Murchieona minuscula,Endogeic,Murchieona minuscula,Murchieona,NA,NA,NA,NA,Endogeic
Earthworms,Murchieona muldali,Murch_muld,NA,NA,Endogeic,Murchieona muldali,Murchieona muldali,Endogeic,Murchieona muldali,Murchieona,NA,NA,NA,NA,Endogeic
Earthworms,Nematogenia lacuum,Nemat_lacu,NA,NA,NA,Nematogenia lacuum,NA,NA,Nematogenia lacuum,Nematogenia,NA,NA,NA,NA,NA
Earthworms,Neotrigaster rufa,Neotr_rufa,NA,NA,Epigeic,Neotrigaster rufa,NA,NA,Neotrigaster rufa,Neotrigaster,NA,NA,NA,NA,Epigeic
Earthworms,Nicodrilus rubicundus,Nicod_rubi,NA,NA,NA,Nicodrilus rubicundus,NA,NA,Nicodrilus rubicundus,Nicodrilus,NA,NA,NA,NA,NA
Earthworms,Ocnerodrilus eiseni,Ocner_eise,NA,NA,NA,Ocnerodrilus eiseni,NA,NA,Ocnerodrilus eiseni,Ocnerodrilus,NA,NA,NA,NA,NA
Earthworms,Ocnerodrilus occidentalis,Ocner_occi,NA,NA,Endogeic,Ocnerodrilus occidentalis,Ocnerodrilus occidentalis,Endogeic,Ocnerodrilus occidentalis,Ocnerodrilus,NA,NA,NA,NA,Endogeic
Earthworms,Octochaetona beatrix,Octoc_beat,NA,NA,Endogeic,Octochaetona beatrix,NA,NA,Octochaetona beatrix,Octochaetona,NA,NA,NA,NA,Endogeic
Earthworms,Octodriloides boninoi,Octod_boni,NA,NA,NA,Octodriloides boninoi,NA,NA,Octodriloides boninoi,Octodriloides,NA,NA,NA,NA,NA
Earthworms,Octodriloides damianii,Octod_dami,NA,NA,Endogeic,Octodriloides damianii,Octodriloides damianii,Endogeic,Octodriloides damianii,Octodriloides,NA,NA,NA,NA,Endogeic
Earthworms,Octodriloides kovacevici,Octod_kova,NA,NA,Endogeic,Octodriloides kovacevici,NA,NA,Octodriloides kovacevici,Octodriloides,NA,NA,NA,NA,Endogeic
Earthworms,Octodrilus argoviensis,Octod_argo,NA,NA,Epigeic,Octodrilus argoviensis,Octodrilus argoviensis,Epigeic,Octodrilus argoviensis,Octodrilus,NA,NA,NA,NA,Epigeic
Earthworms,Octodrilus bretscheri,Octod_bret,NA,NA,NA,Octodrilus bretscheri,Octodrilus bretscheri,Endogeic,Octodrilus bretscheri,Octodrilus,NA,NA,NA,NA,Endogeic
Earthworms,Octodrilus complanatus,Octod_comp,NA,NA,Anecic,Octodrilus complanatus,Octodrilus complanatus,Anecic,Octodrilus complanatus,Octodrilus,4,75,21,Anecic,Anecic
Earthworms,Octodrilus compromissus,Octod_comp,NA,NA,NA,Octodrilus compromissus,Octodrilus compromissus,Endogeic,Octodrilus compromissus,Octodrilus,4,75,21,Anecic,Endogeic
Earthworms,Octodrilus exacystis,Octod_exac,NA,NA,NA,Octodrilus exacystis,Octodrilus exacystis,Endogeic,Octodrilus exacystis,Octodrilus,NA,NA,NA,NA,Endogeic
Earthworms,Octodrilus gradinescui,Octod_grad,NA,NA,NA,Octodrilus gradinescui,NA,NA,Octodrilus gradinescui,Octodrilus,NA,NA,NA,NA,NA
Earthworms,Octodrilus hemiandrus,Octod_hemi,NA,NA,NA,Octodrilus hemiandrus,NA,NA,Octodrilus hemiandrus,Octodrilus,NA,NA,NA,NA,NA
Earthworms,Octodrilus juvyi,Octod_juvy,NA,NA,NA,Octodrilus juvyi,Octodrilus juvyi,Epigeic,Octodrilus juvyi,Octodrilus,NA,NA,NA,NA,Epigeic
Earthworms,Octodrilus kvarnerus,Octod_kvar,NA,NA,Endogeic,Octodrilus kvarnerus,NA,NA,Octodrilus kvarnerus,Octodrilus,NA,NA,NA,NA,Endogeic
Earthworms,Octodrilus lissaensis,Octod_liss,NA,NA,Endogeic,Octodrilus lissaensis,Octodrilus lissaensis,Endogeic,Octodrilus lissaensis,Octodrilus,NA,NA,NA,NA,Endogeic
Earthworms,Octodrilus mimus,Octod_mimu,NA,NA,NA,Octodrilus mimus,Octodrilus mimus,Anecic,Octodrilus mimus,Octodrilus,NA,NA,NA,NA,Anecic
Earthworms,Octodrilus pseudotranspadanus,Octod_pseu,NA,NA,NA,Octodrilus pseudotranspadanus,NA,NA,Octodrilus pseudotranspadanus,Octodrilus,NA,NA,NA,NA,NA
Earthworms,Octodrilus slovenicus,Octod_slov,NA,NA,Anecic,Octodrilus slovenicus,NA,NA,Octodrilus slovenicus,Octodrilus,NA,NA,NA,NA,Anecic
Earthworms,Octodrilus tergestinus,Octod_terg,NA,NA,NA,Octodrilus tergestinus,NA,NA,Octodrilus tergestinus,Octodrilus,NA,NA,NA,NA,NA
Earthworms,Octodrilus transpadanus,Octod_tran,NA,NA,Endogeic,Octodrilus transpadanus,Octodrilus transpadanus,Endogeic,Octodrilus transpadanus,Octodrilus,NA,NA,NA,NA,Endogeic
Earthworms,Octolasion oerley,Octol_NA,NA,NA,NA,Octolasion,NA,NA,Octolasion,Octolasion,NA,NA,NA,NA,NA
Earthworms,Octolasion cyaneum,Octol_cyan,NA,NA,Endogeic,Octolasion cyaneum,Octolasion cyaneum,Endogeic,Octolasion cyaneum,Octolasion,21,24,55,Intermediate,Endogeic
Earthworms,Octolasion gracile,Octol_grac,NA,NA,NA,Octolasion gracile,NA,NA,Octolasion gracile,Octolasion,14,20,66,Endo-anecic,Endo-anecic
Earthworms,Octolasion lacteum,Octol_lact,NA,NA,Endogeic,Octolasion lacteum,Octolasion lacteum,Endogeic,Octolasion lacteum,Octolasion,14,20,66,Endo-anecic,Endogeic
Earthworms,Octolasion tyrtaeum,Octol_tyrt,NA,NA,Epi-Endogeic,Octolasion tyrtaeum,Octolasion tyrtaeum,Epi-Endogeic,Octolasion tyrtaeum,Octolasion,NA,NA,NA,NA,Epi-Endogeic
Earthworms,Octolasion tyrtaeum ,Octol_tyrt,NA,NA,Epi-Endogeic,Octolasion tyrtaeum,NA,NA,Octolasion tyrtaeum,Octolasion,NA,NA,NA,NA,Epi-Endogeic
Earthworms,Octolasium complanatum,Octol_comp,NA,NA,NA,Octolasium complanatum,NA,NA,Octolasium complanatum,Octolasium,NA,NA,NA,NA,NA
Earthworms,Octolasium croaticum,Octol_croa,NA,NA,NA,Octolasium croaticum,NA,NA,Octolasium croaticum,Octolasium,NA,NA,NA,NA,NA
Earthworms,Octolasium hemiandrum,Octol_hemi,NA,NA,NA,Octolasium hemiandrum,NA,NA,Octolasium hemiandrum,Octolasium,NA,NA,NA,NA,NA
Earthworms,Octolasium lissaense,Octol_liss,NA,NA,NA,Octolasium lissaense,NA,NA,Octolasium lissaense,Octolasium,NA,NA,NA,NA,NA
Earthworms,Octolasium mima,Octol_mima,NA,NA,NA,Octolasium mima,NA,NA,Octolasium mima,Octolasium,NA,NA,NA,NA,NA
Earthworms,Octolasium transpadana,Octol_tran,NA,NA,NA,Octolasium transpadana,NA,NA,Octolasium transpadana,Octolasium,NA,NA,NA,NA,NA
Earthworms,Onychochaeta borincana,Onych_bori,NA,NA,Endogeic,Onychochaeta borincana,NA,NA,Onychochaeta borincana,Onychochaeta,NA,NA,NA,NA,Endogeic
Earthworms,Perelia gestroi,Perel_gest,NA,NA,NA,Perelia gestroi,Perelia gestroi,Anecic,Perelia gestroi,Perelia,NA,NA,NA,NA,Anecic
Earthworms,Perelia nematogena,Perel_nema,NA,NA,Endogeic,Perelia nematogena,NA,NA,Perelia nematogena,Perelia,NA,NA,NA,NA,Endogeic
Earthworms,Perelia tuberosa,Perel_tube,NA,NA,NA,Perelia tuberosa,NA,NA,Perelia tuberosa,Perelia,NA,NA,NA,NA,NA
Earthworms,Perichaeta morrisi,Amynt_morr,NA,NA,NA,Perichaeta morrisi,Amynthas morrisi,Epi-Endogeic,Amynthas morrisi,Amynthas,NA,NA,NA,NA,Epi-Endogeic
Earthworms,Perionyx excavatus,Perio_exca,NA,NA,Epigeic,Perionyx excavatus,NA,NA,Perionyx excavatus,Perionyx,NA,NA,NA,NA,Epigeic
Earthworms,Perionyx macintoshii,Perio_maci,NA,NA,Epi-Endogeic,Perionyx macintoshii,NA,NA,Perionyx macintoshii,Perionyx,NA,NA,NA,NA,Epi-Endogeic
Earthworms,Periscolex brachycystis,Peris_brac,NA,NA,Endogeic,Periscolex brachycystis,NA,NA,Periscolex brachycystis,Periscolex,NA,NA,NA,NA,Endogeic
Earthworms,Pheretima indicus,Phere_indi,NA,NA,NA,Pheretima indicus,NA,NA,Pheretima indicus,Pheretima,NA,NA,NA,NA,NA
Earthworms,Phoenicodrilus taste,Phoen_tast,NA,NA,Endogeic,Phoenicodrilus taste,NA,NA,Phoenicodrilus taste,Phoenicodrilus,NA,NA,NA,NA,Endogeic
Earthworms,Pithemera bicincta,Pithe_bici,NA,NA,Epi-Endogeic,Pithemera bicincta,NA,NA,Pithemera bicincta,Pithemera,NA,NA,NA,NA,Epi-Endogeic
Earthworms,Polypheretima cordata,Polyp_cord,NA,NA,NA,Polypheretima cordata,NA,NA,Polypheretima cordata,Polypheretima,NA,NA,NA,NA,NA
Earthworms,Polypheretima elongata,Polyp_elon,NA,NA,Endogeic,Polypheretima elongata,NA,NA,Polypheretima elongata,Polypheretima,NA,NA,NA,NA,Endogeic
Earthworms,Polypheretima taprobanae,Polyp_tapr,NA,NA,Endogeic,Polypheretima taprobanae,NA,NA,Polypheretima taprobanae,Polypheretima,NA,NA,NA,NA,Endogeic
Earthworms,Polytoreutus annulatus,Polyt_annu,NA,NA,Epigeic,Polytoreutus annulatus,NA,NA,Polytoreutus annulatus,Polytoreutus,NA,NA,NA,NA,Epigeic
Earthworms,Pontodrilus litoralis,Ponto_lito,NA,NA,NA,Pontodrilus litoralis,NA,NA,Pontodrilus litoralis,Pontodrilus,NA,NA,NA,NA,NA
Earthworms,Pontoscolex corethrurus,Ponto_core,NA,NA,Endogeic,Pontoscolex corethrurus,NA,NA,Pontoscolex corethrurus,Pontoscolex,NA,NA,NA,NA,Endogeic
Earthworms,Postandrilus majorcanus,Posta_majo,NA,NA,NA,Postandrilus majorcanus,NA,NA,Postandrilus majorcanus,Postandrilus,NA,NA,NA,NA,NA
Earthworms,Postandrilus medoakus,Posta_medo,NA,NA,NA,Postandrilus medoakus,NA,NA,Postandrilus medoakus,Postandrilus,NA,NA,NA,NA,NA
Earthworms,Postandrilus palmensis,Posta_palm,NA,NA,NA,Postandrilus palmensis,NA,NA,Postandrilus palmensis,Postandrilus,NA,NA,NA,NA,NA
Earthworms,Postandrilus sapkarevi,Posta_sapk,NA,NA,NA,Postandrilus sapkarevi,NA,NA,Postandrilus sapkarevi,Postandrilus,NA,NA,NA,NA,NA
Earthworms,Proctodrilus antipae,Proct_anti,NA,NA,Endogeic,Proctodrilus antipae,Proctodrilus antipai,NA,Proctodrilus antipai,Proctodrilus,NA,NA,NA,NA,Endogeic
Earthworms,Proctodrilus antipai,Proct_anti,NA,NA,NA,Proctodrilus antipai,Proctodrilus antipai,Endogeic,Proctodrilus antipai,Proctodrilus,NA,NA,NA,NA,Endogeic
Earthworms,Proctodrilus opisthoductus,Proct_opis,NA,NA,NA,Proctodrilus opisthoductus,NA,NA,Proctodrilus opisthoductus,Proctodrilus,NA,NA,NA,NA,NA
Earthworms,Proctodrilus thaleri,Proct_thal,NA,NA,NA,Proctodrilus thaleri,NA,NA,Proctodrilus thaleri,Proctodrilus,NA,NA,NA,NA,NA
Earthworms,Proctodrilus tuberculatus,Proct_tube,NA,NA,Endogeic,Proctodrilus tuberculatus,Proctodrilus tuberculatus,Endogeic,Proctodrilus tuberculatus,Proctodrilus,NA,NA,NA,NA,Endogeic
Earthworms,Prosellodrilus albus,Prose_albu,NA,NA,NA,Prosellodrilus albus,Prosellodrilus albus,Endogeic,Prosellodrilus albus,Prosellodrilus,NA,NA,NA,NA,Endogeic
Earthworms,Prosellodrilus amplisetosus amplisetosus,Prose_ampl,NA,NA,Endogeic,Prosellodrilus amplisetosus amplisetosus,Prosellodrilus amplisetosus,Endogeic,Prosellodrilus amplisetosus,Prosellodrilus,NA,NA,NA,NA,Endogeic
Earthworms,Prosellodrilus biauriculatus,Prose_biau,NA,NA,NA,Prosellodrilus biauriculatus,NA,NA,Prosellodrilus biauriculatus,Prosellodrilus,0,0,100,Endogeic,Endogeic
Earthworms,Prosellodrilus biserialis,Prose_bise,NA,NA,NA,Prosellodrilus biserialis,NA,NA,Prosellodrilus biserialis,Prosellodrilus,5,0,95,Endogeic,Endogeic
Earthworms,Prosellodrilus praticola,Prose_prat,NA,NA,Endogeic,Prosellodrilus praticola,Prosellodrilus praticola,Endogeic,Prosellodrilus praticola,Prosellodrilus,0,0,100,Endogeic,Endogeic
Earthworms,Prosellodrilus pyrenaicus,Prose_pyre,NA,NA,NA,Prosellodrilus pyrenaicus,NA,NA,Prosellodrilus pyrenaicus,Prosellodrilus,0,0,100,Endogeic,Endogeic
Earthworms,Reginaldia omodeoi,Regin_omod,NA,NA,Endogeic,Reginaldia omodeoi,NA,NA,Reginaldia omodeoi,Reginaldia,NA,NA,NA,NA,Endogeic
Earthworms,Rhiphaeodrilus diplotetrathecus,Rhiph_dipl,NA,NA,Epi-Endogeic,Rhiphaeodrilus diplotetrathecus,NA,NA,Rhiphaeodrilus diplotetrathecus,Rhiphaeodrilus,NA,NA,NA,NA,Epi-Endogeic
Earthworms,Righiodrilus gurupi,Righi_guru,NA,NA,NA,Righiodrilus gurupi,NA,NA,Righiodrilus gurupi,Righiodrilus,NA,NA,NA,NA,NA
Earthworms,Rosadrilus camerunensis,Rosad_came,NA,NA,Anecic,Rosadrilus camerunensis,NA,NA,Rosadrilus camerunensis,Rosadrilus,NA,NA,NA,NA,Anecic
Earthworms,Satchellius alvaradoi,Satch_alva,NA,NA,Epigeic,Satchellius alvaradoi,Satchellius alvaradoi,Epigeic,Satchellius alvaradoi,Satchellius,NA,NA,NA,NA,Epigeic
Earthworms,Satchellius madeirensis,Satch_made,NA,NA,Epi-Endogeic,Satchellius madeirensis,Satchellius madeirensis,Epi-Endogeic,Satchellius madeirensis,Satchellius,NA,NA,NA,NA,Epi-Endogeic
Earthworms,Satchellius mammalis,Satch_mamm,NA,NA,Epigeic,Satchellius mammalis,Satchellius mammalis,Epigeic,Satchellius mammalis,Satchellius,NA,NA,NA,NA,Epigeic
Earthworms,Scherotheca aquitania,Scher_aqui,NA,NA,Anecic,Scherotheca aquitania,Scherotheca aquitania,Anecic,Scherotheca aquitania,Scherotheca,0,94,6,Anecic,Anecic
Earthworms,Scherotheca corsicana,Scher_cors,NA,NA,NA,Scherotheca corsicana,NA,NA,Scherotheca corsicana,Scherotheca,NA,NA,NA,NA,NA
Earthworms,Scherotheca dugesi,Scher_duge,NA,NA,NA,Scherotheca dugesi,NA,NA,Scherotheca dugesi,Scherotheca,NA,NA,NA,NA,NA
Earthworms,Scherotheca hexatheca,Scher_cors,NA,NA,NA,Scherotheca hexatheca,Scherotheca corsicana?,Endogeic,Scherotheca corsicana?,Scherotheca,NA,NA,NA,NA,Endogeic
Earthworms,Scherotheca portcrosana,Scher_port,NA,NA,NA,Scherotheca portcrosana,NA,NA,Scherotheca portcrosana,Scherotheca,NA,NA,NA,NA,NA
Earthworms,Scherotheca rhodana,Scher_rhod,NA,NA,NA,Scherotheca rhodana,NA,NA,Scherotheca rhodana,Scherotheca,0,88,12,Anecic,Anecic
Earthworms,Scherotheca savignyi,Scher_savi,NA,NA,NA,Scherotheca savignyi,NA,NA,Scherotheca savignyi,Scherotheca,NA,NA,NA,NA,NA
Earthworms,Scherotheca targionii,Scher_targ,NA,NA,Anecic,Scherotheca targionii,Scherotheca targionii,Anecic,Scherotheca targionii,Scherotheca,NA,NA,NA,NA,Anecic
Earthworms,Sparganophilus tamesis,Sparg_tame,NA,NA,NA,Sparganophilus tamesis,Sparganophilus tamesis,Epigeic?,Sparganophilus tamesis,Sparganophilus,NA,NA,NA,NA,Epigeic?
Earthworms,Spenceriella montana,Spenc_mont,NA,NA,Endogeic,Spenceriella montana,NA,NA,Spenceriella montana,Spenceriella,NA,NA,NA,NA,Endogeic
Earthworms,Stuhlmannia palustris,Stuhl_palu,NA,NA,Endogeic,Stuhlmannia palustris,NA,NA,Stuhlmannia palustris,Stuhlmannia,NA,NA,NA,NA,Endogeic
Earthworms,Stuhlmannia zielae,Stuhl_ziel,NA,NA,Endogeic,Stuhlmannia zielae,NA,NA,Stuhlmannia zielae,Stuhlmannia,NA,NA,NA,NA,Endogeic
Earthworms,Urobenus brasiliensis,Urobe_bras,NA,NA,Epi-Endogeic,Urobenus brasiliensis,NA,NA,Urobenus brasiliensis,Urobenus,NA,NA,NA,NA,Epi-Endogeic
Earthworms,Vignysa popi,Vigny_popi,NA,NA,NA,Vignysa popi,Vignysa popi,Endogeic,Vignysa popi,Vignysa,0,4,96,Endogeic,Endogeic
Earthworms,Xana omodeoi,Xanin_omod,NA,NA,NA,Xana omodeoi,Xanina omodeoi,Endogeic,Xanina omodeoi,Xanina,NA,NA,NA,NA,Endogeic
Earthworms,Zophoscolex chitae,Zopho_chit,NA,NA,Endogeic,Zophoscolex chitae,Zophoscolex chitae,Endogeic,Zophoscolex chitae,Zophoscolex,NA,NA,NA,NA,Endogeic
Earthworms,Zophoscolex ibericus,Zopho_iber,NA,NA,Endogeic,Zophoscolex ibericus,Zophoscolex ibericus,Endogeic,Zophoscolex ibericus,Zophoscolex,NA,NA,NA,NA,Endogeic
Earthworms,Zophoscolex zhangi,Zopho_zhan,NA,NA,NA,Zophoscolex zhangi,NA,NA,Zophoscolex zhangi,Zophoscolex,NA,NA,NA,NA,NA
Earthworms,Firzingeria depressa,Dendr_depr,NA,NA,Anecic,NA,Dendrobaena depressa,Anecic,Dendrobaena depressa,Dendrobaena,NA,NA,NA,NA,Anecic
Earthworms,Dendrobaena schmidti,Dendr_schm,NA,NA,NA,NA,Dendrobaena schmidti,Endogeic,Dendrobaena schmidti,Dendrobaena,NA,NA,NA,NA,Endogeic
Earthworms,Prosellodrilus amplisetosus,Prose_ampl,NA,NA,NA,NA,Prosellodrilus amplisetosus,Endogeic,Prosellodrilus amplisetosus,Prosellodrilus,NA,NA,NA,NA,Endogeic
