Species,SpeciesID,Fct_group,Comment,Ecogroup_Phillips,Acc_name,Percent_Epigeic,Percent_Anecic,Percent_Endogeic,Ecogroup_Bottinelli,Ecogroup,kingdom,phylum,class,order,suborder,family,genus,Records,NumCells_2km,NumCells_1km
Agastrodrilus multivesiculatus,Agast_mult,NA,NA,Endogeic,Agastrodrilus multivesiculatus,NA,NA,NA,NA,Endogeic,Animalia,Annelida,Clitellata,Opisthopora,Crassiclitellata,Acanthodrilidae,Agastrodrilus,4,0,0
Ailoscolex lacteospumosus,Ailos_lact,NA,NA,NA,Ailoscolex lacteospumosus,0,0,100,Endogeic,Endogeic,Animalia,Annelida,Clitellata,Opisthopora,Crassiclitellata,Ailoscolecidae,Ailoscolex,1,1,1
Allolobophora antipae,Allol_anti,NA,NA,NA,Allolobophora,25,0,75,Epi-endogeic,Epi-endogeic,Animalia,Annelida,Clitellata,Opisthopora,Crassiclitellata,Lumbricidae,Allolobophora,2,2,2
Allolobophora carpathica,Allol_carp,NA,NA,Anecic,Allolobophora carpathica,NA,NA,NA,NA,Anecic,Animalia,Annelida,Clitellata,Opisthopora,Crassiclitellata,Lumbricidae,Allolobophora,2,2,2
Allolobophora carpatica,Allol_carp,NA,NA,NA,Allolobophora carpatica,NA,NA,NA,NA,NA,Animalia,Annelida,Clitellata,Opisthopora,Crassiclitellata,Lumbricidae,Allolobophora,2,2,2
Allolobophora chlorotica,Allol_chlo,NA,NA,Epi-Endogeic,Allolobophora chlorotica,20.66666667,21.66666667,57.66666667,Intermediate,Intermediate,Animalia,Annelida,Clitellata,Opisthopora,Crassiclitellata,Lumbricidae,Allolobophora,4324,1436,1572
Allolobophora cupulifera,Allol_cupu,NA,NA,NA,Allolobophora cupulifera,2,0,98,Endogeic,Endogeic,Animalia,Annelida,Clitellata,Opisthopora,Crassiclitellata,Lumbricidae,Allolobophora,17,11,11
Allolobophora cyrnea,Allol_cyrn,NA,NA,NA,Allolobophora cyrnea,NA,NA,NA,NA,NA,Animalia,Annelida,Clitellata,Opisthopora,Crassiclitellata,Lumbricidae,Allolobophora,1,1,1
Allolobophora dubiosa,Allol_dubi,NA,NA,NA,Allolobophora dubiosa,NA,NA,NA,NA,NA,Animalia,Annelida,Clitellata,Opisthopora,Crassiclitellata,Lumbricidae,Allolobophora,2,2,2
Allolobophora dugesi,Allol_duge,NA,NA,NA,Allolobophora dugesi,NA,NA,NA,NA,NA,Animalia,Annelida,Clitellata,Opisthopora,Crassiclitellata,Lumbricidae,Allolobophora,2,2,2
Allobophoridella eiseni,Allol_eise,NA,NA,Epigeic,Allolobophoridella eiseni,NA,NA,NA,NA,Epigeic,Animalia,Annelida,Clitellata,Opisthopora,Crassiclitellata,Lumbricidae,Allolobophoridella,105,61,64
Allolobophoridella eiseni,Allol_eise,NA,NA,Epigeic,Allolobophoridella eiseni,NA,NA,NA,NA,Epigeic,Animalia,Annelida,Clitellata,Opisthopora,Crassiclitellata,Lumbricidae,Allolobophoridella,105,61,64
Allolobophora leoni,Allol_leon,NA,NA,NA,Allolobophora leoni,NA,NA,NA,NA,NA,Animalia,Annelida,Clitellata,Opisthopora,Crassiclitellata,Lumbricidae,Allolobophora,1,1,1
Allolobophora mehadiensis,Allol_meha,NA,NA,NA,Allolobophora mehadiensis,NA,NA,NA,NA,NA,Animalia,Annelida,Clitellata,Opisthopora,Crassiclitellata,Lumbricidae,Allolobophora,1,1,1
Allolobophora minuscula,Allol_minu,NA,NA,NA,Allolobophora minuscula,NA,NA,NA,NA,NA,Animalia,Annelida,Clitellata,Opisthopora,Crassiclitellata,Lumbricidae,Allolobophora,12,4,4
Allolobophora muldali,Allol_muld,NA,NA,NA,Allolobophora muldali,44,0,56,Epi-endogeic,Epi-endogeic,Animalia,Annelida,Clitellata,Opisthopora,Crassiclitellata,Lumbricidae,Allolobophora,105,48,54
Allolobophora smaragdina,Allol_smar,NA,NA,NA,Allolobophora smaragdina,NA,NA,NA,NA,NA,Animalia,Annelida,Clitellata,Opisthopora,Crassiclitellata,Lumbricidae,Allolobophora,27,22,22
Allolobophora sturanyi,Allol_stur,NA,NA,NA,Allolobophora sturanyi,NA,NA,NA,NA,NA,Animalia,Annelida,Clitellata,Opisthopora,Crassiclitellata,Lumbricidae,Allolobophora,2,2,2
Allolobophora sturanyi dacidoides,Allol_stur,NA,NA,Endogeic,Allolobophora sturanyi dacidoides,NA,NA,NA,NA,Endogeic,Animalia,Annelida,Clitellata,Opisthopora,Crassiclitellata,Lumbricidae,Allolobophora,2,2,2
Allolobophora thaleri,Allol_thal,NA,NA,NA,Allolobophora thaleri,NA,NA,NA,NA,NA,Animalia,Annelida,Clitellata,Opisthopora,Crassiclitellata,Lumbricidae,Allolobophora,5,1,1
Amynthas agrestis,Amynt_agre,NA,NA,Epi-Endogeic,Amynthas agrestis,NA,NA,NA,NA,Epi-Endogeic,Animalia,Annelida,Clitellata,Opisthopora,Crassiclitellata,Megascolecidae,Amynthas,12,1,1
Amynthas aspergillum,Amynt_aspe,NA,NA,Anecic,Amynthas aspergillum,NA,NA,NA,NA,Anecic,Animalia,Annelida,Clitellata,Opisthopora,Crassiclitellata,Megascolecidae,Amynthas,41,0,0
Amynthas corticis,Amynt_cort,NA,NA,Epi-Endogeic,Amynthas corticis,NA,NA,NA,NA,Epi-Endogeic,Animalia,Annelida,Clitellata,Opisthopora,Crassiclitellata,Megascolecidae,Amynthas,15,7,7
Amynthas gracilis,Amynt_grac,NA,NA,Epi-Endogeic,Amynthas gracilis,NA,NA,NA,NA,Epi-Endogeic,Animalia,Annelida,Clitellata,Opisthopora,Crassiclitellata,Megascolecidae,Amynthas,8,0,0
Amynthas hupeiensis,Amynt_hupe,NA,NA,Endogeic,Amynthas hupeiensis,NA,NA,NA,NA,Endogeic,Animalia,Annelida,Clitellata,Opisthopora,Crassiclitellata,Megascolecidae,Amynthas,2,0,0
Amynthas mediocus,Amynt_medi,NA,NA,NA,Amynthas mediocus,NA,NA,NA,NA,NA,Animalia,Annelida,Clitellata,Opisthopora,Crassiclitellata,Megascolecidae,Amynthas,1,0,0
Amynthas tokioensis,Amynt_toki,NA,NA,Epi-Endogeic,Amynthas tokioensis,NA,NA,NA,NA,Epi-Endogeic,Animalia,Annelida,Clitellata,Opisthopora,Crassiclitellata,Megascolecidae,Amynthas,5,0,0
Andiorrhinus sp.1,Andio_sp.1,NA,Family from GBIF,NA,Andiorrhinus,NA,NA,NA,NA,NA,Animalia,Annelida,Clitellata,Opisthopora,Crassiclitellata,Rhinodrilidae,Andiorrhinus,1,0,0
Andiorrhinus sp.2,Andio_sp.2,NA,Family from GBIF,NA,Andiorrhinus,NA,NA,NA,NA,NA,Animalia,Annelida,Clitellata,Opisthopora,Crassiclitellata,Rhinodrilidae,Andiorrhinus,1,0,0
Anisochaeta macleayi,Aniso_macl,NA,Family from GBIF,Epi-Endogeic,Anisochaeta macleayi,NA,NA,NA,NA,Epi-Endogeic,Animalia,Annelida,Clitellata,Opisthopora,Crassiclitellata,Megascolecidae,Anisochaeta,113,0,0
Aporrectodea caliginosa,Aporr_cali,NA,NA,Endogeic,Aporrectodea caliginosa,NA,NA,NA,NA,Endogeic,Animalia,Annelida,Clitellata,Opisthopora,Crassiclitellata,Lumbricidae,Aporrectodea,12469,2361,2554
Aporrectodea cupulifera,Aporr_cupu,NA,NA,Endogeic,Aporrectodea cupulifera,NA,NA,NA,NA,Endogeic,Animalia,Annelida,Clitellata,Opisthopora,Crassiclitellata,Lumbricidae,Aporrectodea,29,14,15
Aporrectodea dubiosa,Aporr_dubi,NA,NA,Anecic,Aporrectodea dubiosa,NA,NA,NA,NA,Anecic,Animalia,Annelida,Clitellata,Opisthopora,Crassiclitellata,Lumbricidae,Aporrectodea,4,2,2
Aporrectodea georgii,Aporr_geor,NA,NA,NA,Aporrectodea georgii,NA,NA,NA,NA,NA,Animalia,Annelida,Clitellata,Opisthopora,Crassiclitellata,Lumbricidae,Aporrectodea,16,8,8
Aporrectodea giardi,Aporr_giar,NA,NA,Anecic,Aporrectodea giardi,NA,NA,NA,NA,Anecic,Animalia,Annelida,Clitellata,Opisthopora,Crassiclitellata,Lumbricidae,Aporrectodea,10,3,3
Aporrectodea handlirschi,Aporr_hand,NA,NA,NA,Aporrectodea handlirschi,NA,NA,NA,NA,NA,Animalia,Annelida,Clitellata,Opisthopora,Crassiclitellata,Lumbricidae,Aporrectodea,28,20,20
Aporrectodea icterica,Aporr_icte,NA,NA,Endogeic,Aporrectodea icterica,NA,NA,NA,NA,Endogeic,Animalia,Annelida,Clitellata,Opisthopora,Crassiclitellata,Lumbricidae,Aporrectodea,130,31,36
Aporrectodea jassyensis,Aporr_jass,NA,NA,NA,Aporrectodea jassyensis,NA,NA,NA,NA,NA,Animalia,Annelida,Clitellata,Opisthopora,Crassiclitellata,Lumbricidae,Aporrectodea,7,5,5
Aporrectodea limicola,Aporr_limi,NA,NA,Endogeic,Aporrectodea limicola,NA,NA,NA,NA,Endogeic,Animalia,Annelida,Clitellata,Opisthopora,Crassiclitellata,Lumbricidae,Aporrectodea,285,147,151
Aporrectodea longa,Aporr_long,NA,NA,Anecic,Aporrectodea longa,NA,NA,NA,NA,Anecic,Animalia,Annelida,Clitellata,Opisthopora,Crassiclitellata,Lumbricidae,Aporrectodea,2136,826,912
Aporrectodea moebii,Aporr_moeb,NA,NA,Endogeic,Aporrectodea moebii,NA,NA,NA,NA,Endogeic,Animalia,Annelida,Clitellata,Opisthopora,Crassiclitellata,Lumbricidae,Aporrectodea,3,3,3
Aporrectodea molleri,Aporr_moll,NA,NA,Anecic,Aporrectodea molleri,NA,NA,NA,NA,Anecic,Animalia,Annelida,Clitellata,Opisthopora,Crassiclitellata,Lumbricidae,Aporrectodea,60,32,33
Aporrectodea nocturna,Aporr_noct,NA,NA,Anecic,Aporrectodea nocturna,NA,NA,NA,NA,Anecic,Animalia,Annelida,Clitellata,Opisthopora,Crassiclitellata,Lumbricidae,Aporrectodea,35,28,31
Aporrectodea oerley,Aporr_oerl,NA,NA,NA,Aporrectodea,NA,NA,NA,NA,NA,Animalia,Annelida,Clitellata,Opisthopora,Crassiclitellata,Lumbricidae,Aporrectodea,866,113,121
Aporrectodea oliveirae,Aporr_oliv,NA,NA,Epigeic,Aporrectodea oliveirae,NA,NA,NA,NA,Epigeic,Animalia,Annelida,Clitellata,Opisthopora,Crassiclitellata,Lumbricidae,Aporrectodea,18,15,15
Aporrectodea opisthosellata,Aporr_opis,NA,NA,Anecic,Aporrectodea opisthosellata,NA,NA,NA,NA,Anecic,Animalia,Annelida,Clitellata,Opisthopora,Crassiclitellata,Lumbricidae,Aporrectodea,1,1,1
Aporrectodea rosea,Aporr_rose,NA,NA,Endogeic,Aporrectodea rosea,NA,NA,NA,NA,Endogeic,Animalia,Annelida,Clitellata,Opisthopora,Crassiclitellata,Lumbricidae,Aporrectodea,9811,1755,1871
Aporrectodea smaragdina,Aporr_smar,NA,NA,NA,Aporrectodea smaragdina,NA,NA,NA,NA,NA,Animalia,Annelida,Clitellata,Opisthopora,Crassiclitellata,Lumbricidae,Aporrectodea,2,2,2
Aporrectodea thaleri,Aporr_thal,NA,NA,NA,Aporrectodea thaleri,NA,NA,NA,NA,NA,Animalia,Annelida,Clitellata,Opisthopora,Crassiclitellata,Lumbricidae,Aporrectodea,7,3,3
Aporrectodea trapezoides,Aporr_trap,NA,NA,Anecic,Aporrectodea trapezoides,NA,NA,NA,NA,Anecic,Animalia,Annelida,Clitellata,Opisthopora,Crassiclitellata,Lumbricidae,Aporrectodea,638,12,14
Aporrectodea tuberculata,Aporr_tube,NA,NA,Endogeic,Aporrectodea tuberculata,NA,NA,NA,NA,Endogeic,Animalia,Annelida,Clitellata,Opisthopora,Crassiclitellata,Lumbricidae,Aporrectodea,180,8,9
Aporrectodea turgida,Aporr_turg,NA,NA,Endogeic,Aporrectodea turgida,NA,NA,NA,NA,Endogeic,Animalia,Annelida,Clitellata,Opisthopora,Crassiclitellata,Lumbricidae,Aporrectodea,43,0,0
Balanteodrilus pearsei,Balan_pear,NA,Family from GBIF,Endogeic,Balanteodrilus pearsei,NA,NA,NA,NA,Endogeic,Animalia,Annelida,Clitellata,Opisthopora,Crassiclitellata,Acanthodrilidae,Balanteodrilus,23,0,0
Belladrilus emilianii,Bella_emil,NA,NA,Endogeic,Belladrilus emilianii,NA,NA,NA,NA,Endogeic,Animalia,Annelida,Clitellata,Opisthopora,Crassiclitellata,Ocnerodrilidae,Belladrilus,3,0,0
Bimastos eiseni,Bimas_eise,NA,NA,NA,Bimastos eiseni,NA,NA,NA,NA,NA,Animalia,Annelida,Clitellata,Opisthopora,Crassiclitellata,Lumbricidae,Bimastos,265,134,145
Bimastos parvus,Bimas_parv,NA,NA,Epigeic,Bimastos parvus,NA,NA,NA,NA,Epigeic,Animalia,Annelida,Clitellata,Opisthopora,Crassiclitellata,Lumbricidae,Bimastos,20,1,1
Bimastus parvus,Bimas_parv,NA,NA,NA,Bimastus parvus,NA,NA,NA,NA,NA,Animalia,Annelida,Clitellata,Opisthopora,Crassiclitellata,Lumbricidae,Bimastus,20,1,1
Bimastos rubidus,Bimas_rubi,NA,NA,NA,Bimastos rubidus,NA,NA,NA,NA,NA,Animalia,Annelida,Clitellata,Opisthopora,Crassiclitellata,Lumbricidae,Bimastos,3033,524,562
Criodrilus lacuum,Criod_lacu,NA,NA,Anecic,Criodrilus lacuum,NA,NA,NA,NA,Anecic,Animalia,Annelida,Clitellata,Opisthopora,Crassiclitellata,Criodrilidae,Criodrilus,8,8,8
Dendrobaena alpina,Dendr_alpi,NA,NA,NA,Dendrobaena alpina,NA,NA,NA,NA,NA,Animalia,Annelida,Clitellata,Opisthopora,Crassiclitellata,Lumbricidae,Dendrobaena,26,8,8
Dendrobaena attemsi,Dendr_atte,NA,NA,Epigeic,Dendrobaena attemsi,83,0,17,Epigeic,Epigeic,Animalia,Annelida,Clitellata,Opisthopora,Crassiclitellata,Lumbricidae,Dendrobaena,389,123,134
Dendrobaena auriculata,Dendr_auri,NA,NA,NA,Dendrobaena auriculata,NA,NA,NA,NA,NA,Animalia,Annelida,Clitellata,Opisthopora,Crassiclitellata,Lumbricidae,Dendrobaena,9,5,5
Dendrobaena byblica,Dendr_bybl,NA,NA,Epigeic,Dendrobaena byblica,100,0,0,Epigeic,Epigeic,Animalia,Annelida,Clitellata,Opisthopora,Crassiclitellata,Lumbricidae,Dendrobaena,11,11,11
Dendrobaena clujensis,Dendr_cluj,NA,NA,NA,Dendrobaena clujensis,NA,NA,NA,NA,NA,Animalia,Annelida,Clitellata,Opisthopora,Crassiclitellata,Lumbricidae,Dendrobaena,1,1,1
Dendrobaena cognettii,Dendr_cogn,NA,NA,NA,Dendrobaena cognettii,87,0,13,Epigeic,Epigeic,Animalia,Annelida,Clitellata,Opisthopora,Crassiclitellata,Lumbricidae,Dendrobaena,1,1,1
Dendrobaena franzi,Dendr_fran,NA,NA,Epigeic,Dendrobaena franzi,NA,NA,NA,NA,Epigeic,Animalia,Annelida,Clitellata,Opisthopora,Crassiclitellata,Lumbricidae,Dendrobaena,1,1,1
Dendrobaena hortensis,Dendr_hort,NA,NA,Epigeic,Dendrobaena hortensis,NA,NA,NA,NA,Epigeic,Animalia,Annelida,Clitellata,Opisthopora,Crassiclitellata,Lumbricidae,Dendrobaena,79,53,57
Dendrobaena illyrica,Dendr_illy,NA,NA,NA,Dendrobaena illyrica,NA,NA,NA,NA,NA,Animalia,Annelida,Clitellata,Opisthopora,Crassiclitellata,Lumbricidae,Dendrobaena,144,112,117
Dendrobaena illyricus,Dendr_illy,NA,NA,NA,Dendrobaena illyricus,NA,NA,NA,NA,NA,Animalia,Annelida,Clitellata,Opisthopora,Crassiclitellata,Lumbricidae,Dendrobaena,144,112,117
Dendrobaena lusitana,Dendr_lusi,NA,NA,Epigeic,Dendrobaena lusitana,NA,NA,NA,NA,Epigeic,Animalia,Annelida,Clitellata,Opisthopora,Crassiclitellata,Lumbricidae,Dendrobaena,6,6,6
Dendrobaena octaedra,Dendr_octa,NA,NA,Epigeic,Dendrobaena octaedra,97,0,3,Epigeic,Epigeic,Animalia,Annelida,Clitellata,Opisthopora,Crassiclitellata,Lumbricidae,Dendrobaena,5812,828,891
Dendrobaena pantaleonis,Dendr_pant,NA,NA,Epigeic,Dendrobaena pantaleonis,NA,NA,NA,NA,Epigeic,Animalia,Annelida,Clitellata,Opisthopora,Crassiclitellata,Lumbricidae,Dendrobaena,4,3,3
Dendrobaena pygmaea,Dendr_pygm,NA,NA,Epigeic,Dendrobaena pygmaea,NA,NA,NA,NA,Epigeic,Animalia,Annelida,Clitellata,Opisthopora,Crassiclitellata,Lumbricidae,Dendrobaena,47,39,39
Dendrobaena pygmaea gallurensis,Dendr_pygm,NA,NA,Epigeic,Dendrobaena pygmaea gallurensis,NA,NA,NA,NA,Epigeic,Animalia,Annelida,Clitellata,Opisthopora,Crassiclitellata,Lumbricidae,Dendrobaena,47,39,39
Dendrodrilus rubidus,Dendr_rubi,NA,NA,Epigeic,Dendrodrilus rubidus,93,7,0,Epigeic,Epigeic,Animalia,Annelida,Clitellata,Opisthopora,Crassiclitellata,Lumbricidae,Dendrodrilus,875,368,384
Dendrodrilus rubidus subrubicundus,Dendr_rubi,NA,NA,Epigeic,Dendrodrilus rubidus subrubicundus,93,7,0,Epigeic,Epigeic,Animalia,Annelida,Clitellata,Opisthopora,Crassiclitellata,Lumbricidae,Dendrodrilus,875,368,384
Dendrodrilus rubidus tenuis,Dendr_rubi,NA,NA,Epigeic,Dendrodrilus rubidus tenuis,93,7,0,Epigeic,Epigeic,Animalia,Annelida,Clitellata,Opisthopora,Crassiclitellata,Lumbricidae,Dendrodrilus,875,368,384
Dendrobaena schmidti schmidti,Dendr_schm,NA,NA,Endogeic,Dendrobaena schmidti schmidti,NA,NA,NA,NA,Endogeic,Animalia,Annelida,Clitellata,Opisthopora,Crassiclitellata,Lumbricidae,Dendrobaena,3,1,1
Dendrobaena schmidti tellermanica,Dendr_schm,NA,NA,Endogeic,Dendrobaena schmidti tellermanica,NA,NA,NA,NA,Endogeic,Animalia,Annelida,Clitellata,Opisthopora,Crassiclitellata,Lumbricidae,Dendrobaena,3,1,1
Dendrobaena schmidti,Dendr_schm,NA,NA,NA,Dendrobaena schmidti,NA,NA,NA,NA,NA,Animalia,Annelida,Clitellata,Opisthopora,Crassiclitellata,Lumbricidae,Dendrobaena,3,1,1
Dendrobaena vejdovskyi,Dendr_vejd,NA,NA,NA,Dendrobaena vejdovskyi,NA,NA,NA,NA,NA,Animalia,Annelida,Clitellata,Opisthopora,Crassiclitellata,Lumbricidae,Dendrobaena,72,16,16
Dendrobaena veneta,Dendr_vene,NA,NA,Epigeic,Dendrobaena veneta,NA,NA,NA,NA,Epigeic,Animalia,Annelida,Clitellata,Opisthopora,Crassiclitellata,Lumbricidae,Dendrobaena,57,39,39
Dichogaster affinis,Dicho_affi,NA,NA,Epi-Endogeic,Dichogaster affinis,NA,NA,NA,NA,Epi-Endogeic,Animalia,Annelida,Clitellata,Opisthopora,Crassiclitellata,Acanthodrilidae,Dichogaster,22,0,0
Dichogaster baeri,Dicho_baer,NA,NA,Epigeic,Dichogaster baeri,NA,NA,NA,NA,Epigeic,Animalia,Annelida,Clitellata,Opisthopora,Crassiclitellata,Acanthodrilidae,Dichogaster,3,0,0
Dichogaster bolaui,Dicho_bola,NA,NA,Epi-Endogeic,Dichogaster bolaui,NA,NA,NA,NA,Epi-Endogeic,Animalia,Annelida,Clitellata,Opisthopora,Crassiclitellata,Acanthodrilidae,Dichogaster,10,2,2
Dichogaster ehrhardti,Dicho_ehrh,NA,NA,Epigeic,Dichogaster ehrhardti,NA,NA,NA,NA,Epigeic,Animalia,Annelida,Clitellata,Opisthopora,Crassiclitellata,Acanthodrilidae,Dichogaster,2,0,0
Dichogaster gracilis,Dicho_grac,NA,NA,Epi-Endogeic,Dichogaster gracilis,NA,NA,NA,NA,Epi-Endogeic,Animalia,Annelida,Clitellata,Opisthopora,Crassiclitellata,Acanthodrilidae,Dichogaster,3,0,0
Dichogaster leroyi,Dicho_lero,NA,NA,Epigeic,Dichogaster leroyi,NA,NA,NA,NA,Epigeic,Animalia,Annelida,Clitellata,Opisthopora,Crassiclitellata,Acanthodrilidae,Dichogaster,9,0,0
Dichogaster mamillata,Dicho_mami,NA,NA,Epigeic,Dichogaster mamillata,NA,NA,NA,NA,Epigeic,Animalia,Annelida,Clitellata,Opisthopora,Crassiclitellata,Acanthodrilidae,Dichogaster,3,0,0
Dichogaster modiglianii,Dicho_modi,NA,NA,NA,Dichogaster modiglianii,NA,NA,NA,NA,NA,Animalia,Annelida,Clitellata,Opisthopora,Crassiclitellata,Acanthodrilidae,Dichogaster,2,0,0
Dichogaster notabilis,Dicho_nota,NA,NA,Epigeic,Dichogaster notabilis,NA,NA,NA,NA,Epigeic,Animalia,Annelida,Clitellata,Opisthopora,Crassiclitellata,Acanthodrilidae,Dichogaster,6,0,0
Dichogaster papillosa,Dicho_papi,NA,NA,Epigeic,Dichogaster papillosa,NA,NA,NA,NA,Epigeic,Animalia,Annelida,Clitellata,Opisthopora,Crassiclitellata,Acanthodrilidae,Dichogaster,4,0,0
Dichogaster saliens,Dicho_sali,NA,NA,Epi-Endogeic,Dichogaster saliens,NA,NA,NA,NA,Epi-Endogeic,Animalia,Annelida,Clitellata,Opisthopora,Crassiclitellata,Acanthodrilidae,Dichogaster,17,0,0
Dichogaster terraenigrae,Dicho_terr,NA,NA,Endogeic,Dichogaster terraenigrae,NA,NA,NA,NA,Endogeic,Animalia,Annelida,Clitellata,Opisthopora,Crassiclitellata,Acanthodrilidae,Dichogaster,2,0,0
Diplocardia hulberti,Diplo_hulb,NA,NA,Epi-Endogeic,Diplocardia hulberti,NA,NA,NA,NA,Epi-Endogeic,Animalia,Annelida,Clitellata,Opisthopora,Crassiclitellata,Acanthodrilidae,Diplocardia,1,0,0
Diplocardia kansensis,Diplo_kans,NA,NA,Epigeic,Diplocardia kansensis,NA,NA,NA,NA,Epigeic,Animalia,Annelida,Clitellata,Opisthopora,Crassiclitellata,Acanthodrilidae,Diplocardia,2,0,0
Diplocardia longiseta,Diplo_long,NA,NA,Endogeic,Diplocardia longiseta,NA,NA,NA,NA,Endogeic,Animalia,Annelida,Clitellata,Opisthopora,Crassiclitellata,Acanthodrilidae,Diplocardia,7,0,0
Diplotrema oxcutzcabensis,Diplo_oxcu,NA,NA,Endogeic,Diplotrema oxcutzcabensis,NA,NA,NA,NA,Endogeic,Animalia,Annelida,Clitellata,Opisthopora,Crassiclitellata,Acanthodrilidae,Diplotrema,7,0,0
Diplotrema papillata,Diplo_papi,NA,NA,Endogeic,Diplotrema papillata,NA,NA,NA,NA,Endogeic,Animalia,Annelida,Clitellata,Opisthopora,Crassiclitellata,Acanthodrilidae,Diplotrema,2,0,0
Diplocardia singularis,Diplo_sing,NA,NA,Endogeic,Diplocardia singularis,NA,NA,NA,NA,Endogeic,Animalia,Annelida,Clitellata,Opisthopora,Crassiclitellata,Acanthodrilidae,Diplocardia,3,0,0
Dorgiodrilus robustus,Dorgi_robu,NA,NA,Endogeic,Dorgiodrilus robustus,NA,NA,NA,NA,Endogeic,Animalia,Annelida,Clitellata,Opisthopora,Crassiclitellata,Ocnerodrilidae,Dorgiodrilus,1,0,0
Drawida barwelli,Drawi_barw,NA,NA,Endogeic,Drawida barwelli,NA,NA,NA,NA,Endogeic,Animalia,Annelida,Clitellata,Moniligastrida,NA,Moniligastridae,Drawida,4,0,0
Drawida gisti,Drawi_gist,NA,NA,Endogeic,Drawida gisti,NA,NA,NA,NA,Endogeic,Animalia,Annelida,Clitellata,Moniligastrida,NA,Moniligastridae,Drawida,2,0,0
Drawida japonica,Drawi_japo,NA,NA,Endogeic,Drawida japonica,NA,NA,NA,NA,Endogeic,Animalia,Annelida,Clitellata,Moniligastrida,NA,Moniligastridae,Drawida,2,0,0
Drawida nepalensis,Drawi_nepa,NA,NA,Anecic,Drawida nepalensis,NA,NA,NA,NA,Anecic,Animalia,Annelida,Clitellata,Moniligastrida,NA,Moniligastridae,Drawida,5,0,0
Eisenia andrei,Eisen_andr,NA,NA,Epigeic,Eisenia andrei,94,3,3,Epigeic,Epigeic,Animalia,Annelida,Clitellata,Opisthopora,Crassiclitellata,Lumbricidae,Eisenia,33,23,23
Eisenia atlavinyteae,Eisen_atla,NA,NA,Epi-Endogeic,Eisenia atlavinyteae,NA,NA,NA,NA,Epi-Endogeic,Animalia,Annelida,Clitellata,Opisthopora,Crassiclitellata,Lumbricidae,Eisenia,1800,0,0
Eisenia balatonica,Eisen_bala,NA,NA,NA,Eisenia balatonica,NA,NA,NA,NA,NA,Animalia,Annelida,Clitellata,Opisthopora,Crassiclitellata,Lumbricidae,Eisenia,1,1,1
Eiseniella balatonica,Eisen_bala,NA,NA,NA,Eiseniella balatonica,NA,NA,NA,NA,NA,Animalia,Annelida,Clitellata,Opisthopora,Crassiclitellata,Lumbricidae,Eiseniella,1,1,1
Eisenia fetida,Eisen_feti,NA,NA,Epigeic,Eisenia fetida,93,4,3,Epigeic,Epigeic,Animalia,Annelida,Clitellata,Opisthopora,Crassiclitellata,Lumbricidae,Eisenia,585,269,277
Eiseniona hardlirschi,Eisen_hand,NA,Family from GBIF,Endogeic,Eiseniona handlirschi,NA,NA,NA,NA,Endogeic,Animalia,Annelida,Clitellata,Opisthopora,Crassiclitellata,Lumbricidae,Eiseniona,13,4,6
Eisenia japonica,Eisen_japo,NA,NA,Endogeic,Eisenia japonica,NA,NA,NA,NA,Endogeic,Animalia,Annelida,Clitellata,Opisthopora,Crassiclitellata,Lumbricidae,Eisenia,14,0,0
Eisenia lucens,Eisen_luce,NA,NA,Epigeic,Eisenia lucens,NA,NA,NA,NA,Epigeic,Animalia,Annelida,Clitellata,Opisthopora,Crassiclitellata,Lumbricidae,Eisenia,14,5,5
Eisenia nordenskioldi,Eisen_nord,NA,NA,NA,Eisenia nordenskioldi,NA,NA,NA,NA,NA,Animalia,Annelida,Clitellata,Opisthopora,Crassiclitellata,Lumbricidae,Eisenia,59,3,3
Eisenia nordenskioldi nordenskioldi,Eisen_nord,NA,NA,Epi-Endogeic,Eisenia nordenskioldi nordenskioldi,NA,NA,NA,NA,Epi-Endogeic,Animalia,Annelida,Clitellata,Opisthopora,Crassiclitellata,Lumbricidae,Eisenia,59,3,3
Eisenia spelaea,Eisen_spel,NA,NA,NA,Eisenia spelaea,NA,NA,NA,NA,NA,Animalia,Annelida,Clitellata,Opisthopora,Crassiclitellata,Lumbricidae,Eisenia,2,1,1
Eisenia spelea,Eisen_spel,NA,NA,NA,Eisenia spelea,NA,NA,NA,NA,NA,Animalia,Annelida,Clitellata,Opisthopora,Crassiclitellata,Lumbricidae,Eisenia,2,1,1
Eisenia submontana,Eisen_subm,NA,NA,NA,Eisenia submontana,NA,NA,NA,NA,NA,Animalia,Annelida,Clitellata,Opisthopora,Crassiclitellata,Lumbricidae,Eisenia,2,2,2
Eiseniella tetraedra,Eisen_tetr,NA,NA,Epigeic,Eiseniella tetraedra,78,22,0,Epigeic,Epigeic,Animalia,Annelida,Clitellata,Opisthopora,Crassiclitellata,Lumbricidae,Eiseniella,11359,5283,5613
Eminoscolex violaceus,Emino_viol,NA,NA,Epigeic,Eminoscolex violaceus,NA,NA,NA,NA,Epigeic,Animalia,Annelida,Clitellata,Opisthopora,Crassiclitellata,Eudrilidae,Eminoscolex,3,0,0
Enterion cyaneum,Enter_cyan,NA,Family from GBIF,NA,Enterion cyaneum,NA,NA,NA,NA,NA,Animalia,Annelida,Clitellata,Opisthopora,Crassiclitellata,Lumbricidae,Enterion,559,340,358
Enterion festivum,Enter_fest,NA,Family from GBIF,NA,Enterion festivum,NA,NA,NA,NA,NA,Animalia,Annelida,Clitellata,Opisthopora,Crassiclitellata,Lumbricidae,Enterion,213,130,137
Enterion polyphemus,Enter_poly,NA,Family from GBIF,NA,Enterion polyphemus,NA,NA,NA,NA,NA,Animalia,Annelida,Clitellata,Opisthopora,Crassiclitellata,Lumbricidae,Enterion,12,7,7
Enterion pygmaeum,Enter_pygm,NA,Family from GBIF,NA,Enterion pygmaeum,NA,NA,NA,NA,NA,Animalia,Annelida,Clitellata,Opisthopora,Crassiclitellata,Lumbricidae,Enterion,10,8,9
Enterion tyrtaeum,Enter_tyrt,NA,Family from GBIF,NA,Enterion tyrtaeum,NA,NA,NA,NA,NA,Animalia,Annelida,Clitellata,Opisthopora,Crassiclitellata,Lumbricidae,Enterion,447,192,193
Eophila icterica,Eophi_icte,NA,,NA,Eophila icterica,NA,NA,NA,NA,NA,Animalia,Annelida,Clitellata,Opisthopora,Crassiclitellata,Lumbricidae,Eophila,88,48,49
Eophila tellinii,Eophi_tell,NA,NA,NA,Eophila tellinii,NA,NA,NA,NA,NA,Animalia,Annelida,Clitellata,Opisthopora,Crassiclitellata,Lumbricidae,Eophila,9,4,4
Ephyriodrilus afroccidentalis,Ephyr_afro,NA,NA,Epigeic,Ephyriodrilus afroccidentalis,NA,NA,NA,NA,Epigeic,Animalia,Annelida,Clitellata,Opisthopora,Crassiclitellata,Eudrilidae,Ephyriodrilus,3,0,0
Eudrilus eugeniae,Eudri_euge,NA,NA,Epi-Endogeic,Eudrilus eugeniae,NA,NA,NA,NA,Epi-Endogeic,Animalia,Annelida,Clitellata,Opisthopora,Crassiclitellata,Eudrilidae,Eudrilus,3,0,0
Eudrilus pallidus,Eudri_pall,NA,NA,Epigeic,Eudrilus pallidus,NA,NA,NA,NA,Epigeic,Animalia,Annelida,Clitellata,Opisthopora,Crassiclitellata,Eudrilidae,Eudrilus,3,0,0
Eukerria saltensis,Euker_salt,NA,NA,Endogeic,Eukerria saltensis,NA,NA,NA,NA,Endogeic,Animalia,Annelida,Clitellata,Opisthopora,Crassiclitellata,Ocnerodrilidae,Eukerria,4,4,4
Fimoscolex bartzi,Fimos_bart,NA,Family from GBIF,Endogeic,Fimoscolex bartzi,NA,NA,NA,NA,Endogeic,Animalia,Annelida,Clitellata,Opisthopora,Crassiclitellata,Glossoscolecidae,Fimoscolex,2,0,0
Firzingeria depressa,Firzi_depr,NA,NA,Anecic,NA,NA,NA,NA,NA,Anecic,Animalia,Annelida,Clitellata,Opisthopora,Crassiclitellata,Lumbricidae,Fitzingeria,10,6,6
Firzingeria platyura,Fitzi_plat,NA,NA,Anecic,Fitzingeria platyura,NA,NA,NA,NA,Anecic,Animalia,Annelida,Clitellata,Opisthopora,Crassiclitellata,Lumbricidae,Fitzingeria,4,2,3
Gemascolex lateralis,Gemas_late,NA,NA,Epi-Endogeic,Gemascolex lateralis,NA,NA,NA,NA,Epi-Endogeic,Animalia,Annelida,Clitellata,Opisthopora,Crassiclitellata,Megascolecidae,Gemascolex,7,0,0
Gemascolex octothecatus,Gemas_octo,NA,NA,Endogeic,Gemascolex octothecatus,NA,NA,NA,NA,Endogeic,Animalia,Annelida,Clitellata,Opisthopora,Crassiclitellata,Megascolecidae,Gemascolex,67,0,0
Gemascolex walkeri,Gemas_walk,NA,NA,Endogeic,Gemascolex walkeri,NA,NA,NA,NA,Endogeic,Animalia,Annelida,Clitellata,Opisthopora,Crassiclitellata,Megascolecidae,Gemascolex,22,0,0
Glossoscolex giocondoi,Gloss_gioc,NA,NA,Endogeic,Glossoscolex giocondoi,NA,NA,NA,NA,Endogeic,Animalia,Annelida,Clitellata,Opisthopora,Crassiclitellata,Glossoscolecidae,Glossoscolex,1,0,0
Glossodrilus parecis,Gloss_pare,NA,NA,Endogeic,Glossodrilus parecis,NA,NA,NA,NA,Endogeic,Animalia,Annelida,Clitellata,Opisthopora,Crassiclitellata,Glossoscolecidae,Glossodrilus,2,0,0
Gordiodrilus marcusi,Gordi_marc,NA,NA,Endogeic,Gordiodrilus marcusi,NA,NA,NA,NA,Endogeic,Animalia,Annelida,Clitellata,Opisthopora,Crassiclitellata,Ocnerodrilidae,Gordiodrilus,4,0,0
Gordiodrilus wemanus,Gordi_wema,NA,NA,Endogeic,Gordiodrilus wemanus,NA,NA,NA,NA,Endogeic,Animalia,Annelida,Clitellata,Opisthopora,Crassiclitellata,Ocnerodrilidae,Gordiodrilus,3,0,0
Helodrilus moebii,Helod_moeb,NA,NA,NA,Helodrilus moebii,NA,NA,NA,NA,NA,Animalia,Annelida,Clitellata,Opisthopora,Crassiclitellata,Lumbricidae,Helodrilus,1,1,1
Helodrilus norvegicus,Helod_norv,NA,NA,NA,Helodrilus norvegicus,NA,NA,NA,NA,NA,Animalia,Annelida,Clitellata,Opisthopora,Crassiclitellata,Lumbricidae,Helodrilus,1,1,1
Helodrilus oculatus,Helod_ocul,NA,NA,Epi-Endogeic,Helodrilus oculatus,NA,NA,NA,NA,Epi-Endogeic,Animalia,Annelida,Clitellata,Opisthopora,Crassiclitellata,Lumbricidae,Helodrilus,26,19,19
Helodrilus putris,Helod_putr,NA,NA,NA,Helodrilus,NA,NA,NA,NA,NA,Animalia,Annelida,Clitellata,Opisthopora,Crassiclitellata,Lumbricidae,Helodrilus,1,1,1
Hemigastrodrilus monicae,Hemig_moni,NA,NA,NA,Hemigastrodrilus monicae,0,0,100,Endogeic,Endogeic,Animalia,Annelida,Clitellata,Opisthopora,Crassiclitellata,Hormogastridae,Hemigastrodrilus,1,1,1
Heteroporodrilus shephardi,Heter_shep,NA,Family from GBIF,Endogeic,Heteroporodrilus shephardi,NA,NA,NA,NA,Endogeic,Animalia,Annelida,Clitellata,Opisthopora,Crassiclitellata,Megascolecidae,Heteroporodrilus,22,0,0
Holoscolex sp.1,Holos_sp.1,NA,Family from GBIF,NA,Holoscolex,NA,NA,NA,NA,NA,Animalia,Annelida,Clitellata,Opisthopora,Crassiclitellata,Glossoscolecidae,Holoscolex,2,0,0
Hormogaster elisae,Hormo_elis,NA,NA,Endogeic,Hormogaster elisae,NA,NA,NA,NA,Endogeic,Animalia,Annelida,Clitellata,Opisthopora,Crassiclitellata,Hormogastridae,Hormogaster,24,1,1
Hormogaster najaformis,Hormo_naja,NA,NA,NA,Hormogaster najaformis,NA,NA,NA,NA,NA,Animalia,Annelida,Clitellata,Opisthopora,Crassiclitellata,Hormogastridae,Hormogaster,1,1,1
Hormogaster riojana,Hormo_rioj,NA,NA,NA,Hormogaster riojana,NA,NA,NA,NA,NA,Animalia,Annelida,Clitellata,Opisthopora,Crassiclitellata,Hormogastridae,Hormogaster,1,1,1
Hormogaster samnitica,Hormo_samn,NA,NA,NA,Hormogaster samnitica,NA,NA,NA,NA,NA,Animalia,Annelida,Clitellata,Opisthopora,Crassiclitellata,Hormogastridae,Hormogaster,1,1,1
Hyperiodrilus africanus,Hyper_afri,NA,NA,Epi-Endogeic,Hyperiodrilus africanus,NA,NA,NA,NA,Epi-Endogeic,Animalia,Annelida,Clitellata,Opisthopora,Crassiclitellata,Eudrilidae,Hyperiodrilus,13,0,0
Larsonidrilus orbiculatus,Larso_orbi,NA,NA,Endogeic,Larsonidrilus orbiculatus,NA,NA,NA,NA,Endogeic,Animalia,Annelida,Clitellata,Opisthopora,Crassiclitellata,Acanthodrilidae,Larsonidrilus,3,0,0
Lavellodrilus bonampakensis,Lavel_bona,NA,NA,Endogeic,Lavellodrilus bonampakensis,NA,NA,NA,NA,Endogeic,Animalia,Annelida,Clitellata,Opisthopora,Crassiclitellata,Acanthodrilidae,Lavellodrilus,1,0,0
Lennogaster pusilla,Lenno_pusi,NA,Genus & family name from GBIF because of WRONG taxonomy with ITIS (Diptera species),Epigeic,Lennogaster pusilla,NA,NA,NA,NA,Epigeic,Animalia,Annelida,Clitellata,Opisthopora,Crassiclitellata,Octochaetidae,Lennogaster,2,0,0
Lumbricus badensis,Lumbr_bade,NA,NA,NA,Lumbricus badensis,NA,NA,NA,NA,NA,Animalia,Annelida,Clitellata,Opisthopora,Crassiclitellata,Lumbricidae,Lumbricus,8,6,7
Lumbricus baicalensis,Lumbr_baic,NA,NA,NA,Lumbricus baicalensis,NA,NA,NA,NA,NA,Animalia,Annelida,Clitellata,Opisthopora,Crassiclitellata,Lumbricidae,Lumbricus,1,1,1
Lumbricus castaneus,Lumbr_cast,NA,NA,Epigeic,Lumbricus castaneus,90,10,0,Epigeic,Epigeic,Animalia,Annelida,Clitellata,Opisthopora,Crassiclitellata,Lumbricidae,Lumbricus,2551,1067,1138
Lumbricus centralis,Lumbr_cent,NA,NA,NA,Lumbricus centralis,34,66,0,Epi-anecic,Epi-anecic,Animalia,Annelida,Clitellata,Opisthopora,Crassiclitellata,Lumbricidae,Lumbricus,7,2,2
Lumbricus festivus,Lumbr_fest,NA,NA,Anecic,Lumbricus festivus,66,34,0,Epi-anecic,Epi-anecic,Animalia,Annelida,Clitellata,Opisthopora,Crassiclitellata,Lumbricidae,Lumbricus,103,49,49
Lumbricus friendi,Lumbr_frie,NA,NA,Anecic,Lumbricus friendi,34,66,0,Epi-anecic,Epi-anecic,Animalia,Annelida,Clitellata,Opisthopora,Crassiclitellata,Lumbricidae,Lumbricus,68,40,40
Lumbricus herculeus,Lumbr_herc,NA,NA,NA,Lumbricus herculeus,34,66,0,Epi-anecic,Epi-anecic,Animalia,Annelida,Clitellata,Opisthopora,Crassiclitellata,Lumbricidae,Lumbricus,69,19,20
Lumbricus klarae,Lumbr_klar,NA,NA,NA,Lumbricus klarae,NA,NA,NA,NA,NA,Animalia,Annelida,Clitellata,Opisthopora,Crassiclitellata,Lumbricidae,Lumbricus,1,1,1
Lumbricus lucens,Lumbr_luce,NA,NA,NA,Lumbricus lucens,NA,NA,NA,NA,NA,Animalia,Annelida,Clitellata,Opisthopora,Crassiclitellata,Lumbricidae,Lumbricus,7,3,3
Lumbricus meliboeus,Lumbr_meli,NA,NA,Anecic,Lumbricus meliboeus,64,36,0,Epi-anecic,Epi-anecic,Animalia,Annelida,Clitellata,Opisthopora,Crassiclitellata,Lumbricidae,Lumbricus,10,9,9
Lumbricus polyphemus,Lumbr_poly,NA,NA,Anecic,Lumbricus polyphemus,NA,NA,NA,NA,Anecic,Animalia,Annelida,Clitellata,Opisthopora,Crassiclitellata,Lumbricidae,Lumbricus,51,24,27
Lumbricus rubellus,Lumbr_rube,NA,NA,Epigeic,Lumbricus rubellus,85,15,0,Epigeic,Epigeic,Animalia,Annelida,Clitellata,Opisthopora,Crassiclitellata,Lumbricidae,Lumbricus,8336,2114,2280
Lumbricus terrestris,Lumbr_terr,NA,NA,Anecic,Lumbricus terrestris,NA,NA,NA,NA,Anecic,Animalia,Annelida,Clitellata,Opisthopora,Crassiclitellata,Lumbricidae,Lumbricus,6146,2035,2175
Mayadrilus calakmulensis,Mayad_cala,NA,NA,NA,Mayadrilus calakmulensis,NA,NA,NA,NA,NA,Animalia,Annelida,Clitellata,Opisthopora,Crassiclitellata,Acanthodrilidae,Mayadrilus,2,0,0
Metaphire cai,Metap_cai,NA,NA,NA,Metaphire cai,NA,NA,NA,NA,NA,Animalia,Annelida,Clitellata,Opisthopora,Crassiclitellata,Megascolecidae,Metaphire,6,0,0
Metaphire californica,Metap_cali,NA,NA,Epi-Endogeic,Metaphire californica,NA,NA,NA,NA,Epi-Endogeic,Animalia,Annelida,Clitellata,Opisthopora,Crassiclitellata,Megascolecidae,Metaphire,2,0,0
Metaphire guillelmi,Metap_guil,NA,NA,Anecic,Metaphire guillelmi,NA,NA,NA,NA,Anecic,Animalia,Annelida,Clitellata,Opisthopora,Crassiclitellata,Megascolecidae,Metaphire,2,0,0
Metaphire kiengiangensis,Metap_kien,NA,NA,NA,Metaphire kiengiangensis,NA,NA,NA,NA,NA,Animalia,Annelida,Clitellata,Opisthopora,Crassiclitellata,Megascolecidae,Metaphire,1,1,1
Metaphire megascolidioides,Metap_mega,NA,NA,Anecic,Metaphire megascolidioides,NA,NA,NA,NA,Anecic,Animalia,Annelida,Clitellata,Opisthopora,Crassiclitellata,Megascolecidae,Metaphire,4,0,0
Metaphire tschiliensis,Metap_tsch,NA,NA,Endogeic,Metaphire tschiliensis,NA,NA,NA,NA,Endogeic,Animalia,Annelida,Clitellata,Opisthopora,Crassiclitellata,Megascolecidae,Metaphire,1,0,0
Microscolex dubius,Micro_dubi,NA,NA,Epi-Endogeic,Microscolex dubius,30,0,70,Epi-endogeic,Epi-endogeic,Animalia,Annelida,Clitellata,Opisthopora,Crassiclitellata,Acanthodrilidae,Microscolex,271,18,18
Microscolex phosphoreus,Micro_phos,NA,NA,Endogeic,Microscolex phosphoreus,29,0,71,Epi-endogeic,Epi-endogeic,Animalia,Annelida,Clitellata,Opisthopora,Crassiclitellata,Acanthodrilidae,Microscolex,196,34,34
Millsonia guttata,Mills_gutt,NA,NA,Endogeic,Millsonia guttata,NA,NA,NA,NA,Endogeic,Animalia,Annelida,Clitellata,Opisthopora,Crassiclitellata,Acanthodrilidae,Millsonia,3,0,0
Millsonia inermis,Mills_iner,NA,NA,Endogeic,Millsonia inermis,NA,NA,NA,NA,Endogeic,Animalia,Annelida,Clitellata,Opisthopora,Crassiclitellata,Acanthodrilidae,Millsonia,17,0,0
Millsonia lamtoiana,Mills_lamt,NA,NA,Endogeic,Millsonia lamtoiana,NA,NA,NA,NA,Endogeic,Animalia,Annelida,Clitellata,Opisthopora,Crassiclitellata,Acanthodrilidae,Millsonia,2,0,0
Millsonia schlegeli,Mills_schl,NA,NA,Endogeic,Millsonia schlegeli,NA,NA,NA,NA,Endogeic,Animalia,Annelida,Clitellata,Opisthopora,Crassiclitellata,Acanthodrilidae,Millsonia,3,0,0
Murchieona minuscula,Murch_minu,NA,NA,NA,Murchieona minuscula,NA,NA,NA,NA,NA,Animalia,Annelida,Clitellata,Opisthopora,Crassiclitellata,Lumbricidae,Murchieona,14,5,5
Murchieona muldali,Murch_muld,NA,NA,Endogeic,Murchieona muldali,NA,NA,NA,NA,Endogeic,Animalia,Annelida,Clitellata,Opisthopora,Crassiclitellata,Lumbricidae,Murchieona,40,17,17
Nematogenia lacuum,Nemat_lacu,NA,NA,NA,Nematogenia lacuum,NA,NA,NA,NA,NA,Animalia,Annelida,Clitellata,Opisthopora,Crassiclitellata,Ocnerodrilidae,Nematogenia,15,0,0
Neotrigaster rufa,Neotr_rufa,NA,NA,Epigeic,Neotrigaster rufa,NA,NA,NA,NA,Epigeic,Animalia,Annelida,Clitellata,Opisthopora,Crassiclitellata,Acanthodrilidae,Neotrigaster,2,0,0
Ocnerodrilus occidentalis,Ocner_occi,NA,NA,Endogeic,Ocnerodrilus occidentalis,NA,NA,NA,NA,Endogeic,Animalia,Annelida,Clitellata,Opisthopora,Crassiclitellata,Ocnerodrilidae,Ocnerodrilus,3,3,3
Octochaetona beatrix,Octoc_beat,NA,NA,Endogeic,Octochaetona beatrix,NA,NA,NA,NA,Endogeic,Animalia,Annelida,Clitellata,Opisthopora,Crassiclitellata,Acanthodrilidae,Octochaetona,3,0,0
Octodrilus argoviensis,Octod_argo,NA,NA,Epigeic,Octodrilus argoviensis,NA,NA,NA,NA,Epigeic,Animalia,Annelida,Clitellata,Opisthopora,Crassiclitellata,Lumbricidae,Octodrilus,22,12,12
Octodrilus bretscheri,Octod_bret,NA,NA,NA,Octodrilus bretscheri,NA,NA,NA,NA,NA,Animalia,Annelida,Clitellata,Opisthopora,Crassiclitellata,Lumbricidae,Octodrilus,2,2,2
Octodrilus complanatus,Octod_comp,NA,NA,Anecic,Octodrilus complanatus,4,75,21,Anecic,Anecic,Animalia,Annelida,Clitellata,Opisthopora,Crassiclitellata,Lumbricidae,Octodrilus,33,30,30
Octodrilus compromissus,Octod_comp,NA,NA,NA,Octodrilus compromissus,4,75,21,Anecic,Anecic,Animalia,Annelida,Clitellata,Opisthopora,Crassiclitellata,Lumbricidae,Octodrilus,33,30,30
Octodriloides damianii,Octod_dami,NA,NA,Endogeic,Octodriloides damianii,NA,NA,NA,NA,Endogeic,Animalia,Annelida,Clitellata,Opisthopora,Crassiclitellata,Lumbricidae,Octodriloides,2,2,2
Octodrilus exacystis,Octod_exac,NA,NA,NA,Octodrilus exacystis,NA,NA,NA,NA,NA,Animalia,Annelida,Clitellata,Opisthopora,Crassiclitellata,Lumbricidae,Octodrilus,2,2,2
Octodrilus juvyi,Octod_juvy,NA,NA,NA,Octodrilus juvyi,NA,NA,NA,NA,NA,Animalia,Annelida,Clitellata,Opisthopora,Crassiclitellata,Lumbricidae,Octodrilus,4,2,4
Octodrilus lissaensis,Octod_liss,NA,NA,Endogeic,Octodrilus lissaensis,NA,NA,NA,NA,Endogeic,Animalia,Annelida,Clitellata,Opisthopora,Crassiclitellata,Lumbricidae,Octodrilus,1,1,1
Octodrilus mimus,Octod_mimu,NA,NA,NA,Octodrilus mimus,NA,NA,NA,NA,NA,Animalia,Annelida,Clitellata,Opisthopora,Crassiclitellata,Lumbricidae,Octodrilus,2,1,1
Octodrilus transpadanus,Octod_tran,NA,NA,Endogeic,Octodrilus transpadanus,NA,NA,NA,NA,Endogeic,Animalia,Annelida,Clitellata,Opisthopora,Crassiclitellata,Lumbricidae,Octodrilus,13,10,10
Octolasion cyaneum,Octol_cyan,NA,NA,Endogeic,Octolasion cyaneum,21,24,55,Intermediate,Intermediate,Animalia,Annelida,Clitellata,Opisthopora,Crassiclitellata,Lumbricidae,Octolasion,478,158,168
Octolasion lacteum,Octol_lact,NA,NA,Endogeic,Octolasion lacteum,14,20,66,Endo-anecic,Endo-anecic,Animalia,Annelida,Clitellata,Opisthopora,Crassiclitellata,Lumbricidae,Octolasion,2845,288,315
Octolasion oerley,Octol_oerl,NA,NA,NA,Octolasion,NA,NA,NA,NA,NA,Animalia,Annelida,Clitellata,Opisthopora,Crassiclitellata,Lumbricidae,Octolasion,426,87,94
Octolasion tyrtaeum,Octol_tyrt,NA,NA,Epi-Endogeic,Octolasion tyrtaeum,NA,NA,NA,NA,Epi-Endogeic,Animalia,Annelida,Clitellata,Opisthopora,Crassiclitellata,Lumbricidae,Octolasion,1610,435,444
Onychochaeta borincana,Onych_bori,NA,NA,Endogeic,Onychochaeta borincana,NA,NA,NA,NA,Endogeic,Animalia,Annelida,Clitellata,Opisthopora,Crassiclitellata,Rhinodrilidae,Onychochaeta,3,0,0
Perelia gestroi,Perel_gest,NA,NA,NA,Perelia gestroi,NA,NA,NA,NA,NA,Animalia,Annelida,Clitellata,Opisthopora,Crassiclitellata,Lumbricidae,Perelia,19,6,7
Perelia tuberosa,Perel_tube,NA,NA,NA,Perelia tuberosa,NA,NA,NA,NA,NA,Animalia,Annelida,Clitellata,Opisthopora,Crassiclitellata,Lumbricidae,Perelia,1787,0,0
Perichaeta morrisi,Peric_morr,NA,Family from GBIF,NA,Perichaeta morrisi,NA,NA,NA,NA,NA,Animalia,Annelida,Clitellata,Opisthopora,Crassiclitellata,Megascolecidae,Perichaeta,1,1,1
Perionyx excavatus,Perio_exca,NA,NA,Epigeic,Perionyx excavatus,NA,NA,NA,NA,Epigeic,Animalia,Annelida,Clitellata,Opisthopora,Crassiclitellata,Megascolecidae,Perionyx,5,0,0
Periscolex brachycystis,Peris_brac,NA,NA,Endogeic,Periscolex brachycystis,NA,NA,NA,NA,Endogeic,Animalia,Annelida,Clitellata,Opisthopora,Crassiclitellata,Rhinodrilidae,Periscolex,1,0,0
Phoenicodrilus taste,Phoen_tast,NA,NA,Endogeic,Phoenicodrilus taste,NA,NA,NA,NA,Endogeic,Animalia,Annelida,Clitellata,Opisthopora,Crassiclitellata,Ocnerodrilidae,Phoenicodrilus,1,0,0
Pithemera bicincta,Pithe_bici,NA,NA,Epi-Endogeic,Pithemera bicincta,NA,NA,NA,NA,Epi-Endogeic,Animalia,Annelida,Clitellata,Opisthopora,Crassiclitellata,Megascolecidae,Pithemera,5,0,0
Polypheretima elongata,Polyp_elon,NA,NA,Endogeic,Polypheretima elongata,NA,NA,NA,NA,Endogeic,Animalia,Annelida,Clitellata,Opisthopora,Crassiclitellata,Megascolecidae,Polypheretima,6,0,0
Polytoreutus annulatus,Polyt_annu,NA,NA,Epigeic,Polytoreutus annulatus,NA,NA,NA,NA,Epigeic,Animalia,Annelida,Clitellata,Opisthopora,Crassiclitellata,Eudrilidae,Polytoreutus,5,0,0
Pontoscolex corethrurus,Ponto_core,NA,NA,Endogeic,Pontoscolex corethrurus,NA,NA,NA,NA,Endogeic,Animalia,Annelida,Clitellata,Opisthopora,Crassiclitellata,Rhinodrilidae,Pontoscolex,303,0,0
Proctodrilus antipae,Proct_anti,NA,NA,Endogeic,Proctodrilus antipae,NA,NA,NA,NA,Endogeic,Animalia,Annelida,Clitellata,Opisthopora,Crassiclitellata,Lumbricidae,Proctodrilus,97,40,40
Proctodrilus antipai,Proct_anti,NA,NA,NA,Proctodrilus antipai,NA,NA,NA,NA,NA,Animalia,Annelida,Clitellata,Opisthopora,Crassiclitellata,Lumbricidae,Proctodrilus,97,40,40
Proctodrilus tuberculatus,Proct_tube,NA,NA,Endogeic,Proctodrilus tuberculatus,NA,NA,NA,NA,Endogeic,Animalia,Annelida,Clitellata,Opisthopora,Crassiclitellata,Lumbricidae,Proctodrilus,45,21,23
Prosellodrilus albus,Prose_albu,NA,NA,NA,Prosellodrilus albus,NA,NA,NA,NA,NA,Animalia,Annelida,Clitellata,Opisthopora,Crassiclitellata,Lumbricidae,Prosellodrilus,2,1,1
Prosellodrilus amplisetosus,Prose_ampl,NA,NA,NA,Prosellodrilus amplisetosus,NA,NA,NA,NA,NA,Animalia,Annelida,Clitellata,Opisthopora,Crassiclitellata,Lumbricidae,Prosellodrilus,6,2,2
Prosellodrilus amplisetosus amplisetosus,Prose_ampl,NA,NA,Endogeic,Prosellodrilus amplisetosus amplisetosus,NA,NA,NA,NA,Endogeic,Animalia,Annelida,Clitellata,Opisthopora,Crassiclitellata,Lumbricidae,Prosellodrilus,6,2,2
Prosellodrilus praticola,Prose_prat,NA,NA,Endogeic,Prosellodrilus praticola,0,0,100,Endogeic,Endogeic,Animalia,Annelida,Clitellata,Opisthopora,Crassiclitellata,Lumbricidae,Prosellodrilus,9,3,3
Reginaldia omodeoi,Regin_omod,NA,NA,Endogeic,Reginaldia omodeoi,NA,NA,NA,NA,Endogeic,Animalia,Annelida,Clitellata,Opisthopora,Crassiclitellata,Acanthodrilidae,Reginaldia,11,0,0
Rhiphaeodrilus diplotetrathecus,Rhiph_dipl,NA,Family from GBIF,Epi-Endogeic,Rhiphaeodrilus diplotetrathecus,NA,NA,NA,NA,Epi-Endogeic,Animalia,Annelida,Clitellata,Opisthopora,Crassiclitellata,Lumbricidae,Rhiphaeodrilus,11,0,0
Righiodrilus gurupi,Righi_guru,NA,Family from GBIF,NA,Righiodrilus gurupi,NA,NA,NA,NA,NA,Animalia,Annelida,Clitellata,Opisthopora,Crassiclitellata,Glossoscolecidae,Righiodrilus,4,0,0
Satchellius alvaradoi,Satch_alva,NA,NA,Epigeic,Satchellius alvaradoi,NA,NA,NA,NA,Epigeic,Animalia,Annelida,Clitellata,Opisthopora,Crassiclitellata,Lumbricidae,Satchellius,1,1,1
Satchellius madeirensis,Satch_made,NA,NA,Epi-Endogeic,Satchellius madeirensis,NA,NA,NA,NA,Epi-Endogeic,Animalia,Annelida,Clitellata,Opisthopora,Crassiclitellata,Lumbricidae,Satchellius,28,20,20
Satchellius mammalis,Satch_mamm,NA,NA,Epigeic,Satchellius mammalis,NA,NA,NA,NA,Epigeic,Animalia,Annelida,Clitellata,Opisthopora,Crassiclitellata,Lumbricidae,Satchellius,413,204,221
Scherotheca aquitania,Scher_aqui,NA,NA,Anecic,Scherotheca aquitania,0,94,6,Anecic,Anecic,Animalia,Annelida,Clitellata,Opisthopora,Crassiclitellata,Lumbricidae,Scherotheca,19,7,7
Scherotheca hexatheca,Scher_hexa,NA,NA,NA,Scherotheca hexatheca,NA,NA,NA,NA,NA,Animalia,Annelida,Clitellata,Opisthopora,Crassiclitellata,Lumbricidae,Scherotheca,1,1,1
Scherotheca targionii,Scher_targ,NA,NA,Anecic,Scherotheca targionii,NA,NA,NA,NA,Anecic,Animalia,Annelida,Clitellata,Opisthopora,Crassiclitellata,Lumbricidae,Scherotheca,5,3,4
Sparganophilus tamesis,Sparg_tame,NA,NA,NA,Sparganophilus tamesis,NA,NA,NA,NA,NA,Animalia,Annelida,Clitellata,Opisthopora,Crassiclitellata,Sparganophilidae,Sparganophilus,4,1,1
Spenceriella montana,Spenc_mont,NA,Family from GBIF,Endogeic,Spenceriella montana,NA,NA,NA,NA,Endogeic,Animalia,Annelida,Clitellata,Opisthopora,Crassiclitellata,Megascolecidae,Spenceriella,31,0,0
Stuhlmannia palustris,Stuhl_palu,NA,NA,Endogeic,Stuhlmannia palustris,NA,NA,NA,NA,Endogeic,Animalia,Annelida,Clitellata,Opisthopora,Crassiclitellata,Eudrilidae,Stuhlmannia,8,0,0
Stuhlmannia zielae,Stuhl_ziel,NA,NA,Endogeic,Stuhlmannia zielae,NA,NA,NA,NA,Endogeic,Animalia,Annelida,Clitellata,Opisthopora,Crassiclitellata,Eudrilidae,Stuhlmannia,7,0,0
Urobenus brasiliensis,Urobe_bras,NA,NA,Epi-Endogeic,Urobenus brasiliensis,NA,NA,NA,NA,Epi-Endogeic,Animalia,Annelida,Clitellata,Opisthopora,Crassiclitellata,Rhinodrilidae,Urobenus,1,0,0
Vignysa popi,Vigny_popi,NA,NA,NA,Vignysa popi,0,4,96,Endogeic,Endogeic,Animalia,Annelida,Clitellata,Opisthopora,Crassiclitellata,Hormogastridae,Vignysa,1,1,1
Xana omodeoi,Xana_omod,NA,NA,NA,Xana omodeoi,NA,NA,NA,NA,NA,Animalia,Annelida,Clitellata,Opisthopora,Crassiclitellata,Hormogastridae,Xana,1,1,1
Zophoscolex chitae,Zopho_chit,NA,NA,Endogeic,Zophoscolex chitae,NA,NA,NA,NA,Endogeic,Animalia,Annelida,Clitellata,Opisthopora,Crassiclitellata,Lumbricidae,Zophoscolex,1,1,1
Zophoscolex ibericus,Zopho_iber,NA,NA,Endogeic,Zophoscolex ibericus,NA,NA,NA,NA,Endogeic,Animalia,Annelida,Clitellata,Opisthopora,Crassiclitellata,Lumbricidae,Zophoscolex,44,2,2
